time, 0.00              ,   1.0000000000E-01,   2.0000000000E-01,   4.0000000000E-01,   8.0000000000E-01,   1.6000000000E+00,   3.2000000000E+00,   7.0000000000E+00,   8.0000000000E+00,   9.0000000000E+00,   1.0000000000E+01,   1.1000000000E+01,   1.2000000000E+01,   1.3000000000E+01,   1.4000000000E+01,   1.5000000000E+01,   1.6000000000E+01,   1.7000000000E+01,   1.8000000000E+01,   1.9000000000E+01,   2.0000000000E+01,   2.5000000000E+01,   3.0000000000E+01,   4.0000000000E+01,   5.0000000000E+01,   6.0000000000E+01,   7.0000000000E+01,   8.0000000000E+01,   9.0000000000E+01,   1.0000000000E+02,   1.1000000000E+02,   1.2000000000E+02,   1.3000000000E+02,   1.4000000000E+02
n_seg,   4.0000000000E+00,   4.0000000000E+00,   4.0000000000E+00,   4.0000000000E+00,   4.0000000000E+00,   4.0000000000E+00,   4.0000000000E+00,   4.0000000000E+00,   4.0000000000E+00,   4.0000000000E+00,   4.0000000000E+00,   4.0000000000E+00,   4.0000000000E+00,   4.0000000000E+00,   4.0000000000E+00,   4.0000000000E+00,   4.0000000000E+00,   4.0000000000E+00,   4.0000000000E+00,   4.0000000000E+00,   4.0000000000E+00,   4.0000000000E+00,   4.0000000000E+00,   4.0000000000E+00,   4.0000000000E+00,   4.0000000000E+00,   4.0000000000E+00,   4.0000000000E+00,   4.0000000000E+00,   4.0000000000E+00,   4.0000000000E+00,   4.0000000000E+00,   4.0000000000E+00,   4.0000000000E+00
k1,   7.0000000000E-01,   7.0000000000E-01,   7.0000000000E-01,   7.0000000000E-01,   7.0000000000E-01,   7.0000000000E-01,   7.0000000000E-01,   7.0000000000E-01,   7.0000000000E-01,   7.0000000000E-01,   7.0000000000E-01,   7.0000000000E-01,   7.0000000000E-01,   7.0000000000E-01,   7.0000000000E-01,   7.0000000000E-01,   7.0000000000E-01,   7.0000000000E-01,   7.0000000000E-01,   7.0000000000E-01,   7.0000000000E-01,   7.0000000000E-01,   7.0000000000E-01,   7.0000000000E-01,   7.0000000000E-01,   7.0000000000E-01,   7.0000000000E-01,   7.0000000000E-01,   7.0000000000E-01,   7.0000000000E-01,   7.0000000000E-01,   7.0000000000E-01,   7.0000000000E-01,   7.0000000000E-01
tau1,   1.0000000000E+01,   1.0000000000E+01,   1.0000000000E+01,   1.0000000000E+01,   1.0000000000E+01,   1.0000000000E+01,   1.0000000000E+01,   1.0000000000E+01,   1.0000000000E+01,   1.0000000000E+01,   1.0000000000E+01,   1.0000000000E+01,   1.0000000000E+01,   1.0000000000E+01,   1.0000000000E+01,   1.0000000000E+01,   1.0000000000E+01,   1.0000000000E+01,   1.0000000000E+01,   1.0000000000E+01,   1.0000000000E+01,   1.0000000000E+01,   1.0000000000E+01,   1.0000000000E+01,   1.0000000000E+01,   1.0000000000E+01,   1.0000000000E+01,   1.0000000000E+01,   1.0000000000E+01,   1.0000000000E+01,   1.0000000000E+01,   1.0000000000E+01,   1.0000000000E+01,   1.0000000000E+01
p_0,   1.0000000000E+00,   1.0000000000E+00,   1.0000000000E+00,   1.0000000000E+00,   1.0000000000E+00,   1.0000000000E+00,   1.0000000000E+00,   1.0000000000E+00,   1.0000000000E+00,   1.0000000000E+00,   1.0000000000E+00,   1.0000000000E+00,   1.0000000000E+00,   1.0000000000E+00,   1.0000000000E+00,   1.0000000000E+00,   1.0000000000E+00,   1.0000000000E+00,   1.0000000000E+00,   1.0000000000E+00,   1.0000000000E+00,   1.0000000000E+00,   1.0000000000E+00,   1.0000000000E+00,   1.0000000000E+00,   1.0000000000E+00,   1.0000000000E+00,   1.0000000000E+00,   1.0000000000E+00,   1.0000000000E+00,   1.0000000000E+00,   1.0000000000E+00,   1.0000000000E+00,   1.0000000000E+00
q_back, 0.00              , 0.00              , 0.00              , 0.00              , 0.00              , 0.00              , 0.00              , 0.00              , 0.00              , 0.00              , 0.00              , 0.00              , 0.00              , 0.00              , 0.00              , 0.00              , 0.00              , 0.00              , 0.00              , 0.00              , 0.00              , 0.00              , 0.00              , 0.00              , 0.00              , 0.00              , 0.00              , 0.00              , 0.00              , 0.00              , 0.00              , 0.00              , 0.00              , 0.00              
q_res, 0.00              , 0.00              , 0.00              , 0.00              , 0.00              , 0.00              , 0.00              , 0.00              , 0.00              , 0.00              , 0.00              , 0.00              , 0.00              , 0.00              , 0.00              , 0.00              , 0.00              , 0.00              , 0.00              , 0.00              , 0.00              , 0.00              , 0.00              , 0.00              , 0.00              , 0.00              , 0.00              , 0.00              , 0.00              , 0.00              , 0.00              , 0.00              , 0.00              , 0.00              
betha_a,   1.4000000000E+04,   1.4000000000E+04,   1.4000000000E+04,   1.4000000000E+04,   1.4000000000E+04,   1.4000000000E+04,   1.4000000000E+04,   1.4000000000E+04,   1.4000000000E+04,   1.4000000000E+04,   1.4000000000E+04,   1.4000000000E+04,   1.4000000000E+04,   1.4000000000E+04,   1.4000000000E+04,   1.4000000000E+04,   1.4000000000E+04,   1.4000000000E+04,   1.4000000000E+04,   1.4000000000E+04,   1.4000000000E+04,   1.4000000000E+04,   1.4000000000E+04,   1.4000000000E+04,   1.4000000000E+04,   1.4000000000E+04,   1.4000000000E+04,   1.4000000000E+04,   1.4000000000E+04,   1.4000000000E+04,   1.4000000000E+04,   1.4000000000E+04,   1.4000000000E+04,   1.4000000000E+04
betha_d,   1.4000000000E+04,   1.4000000000E+04,   1.4000000000E+04,   1.4000000000E+04,   1.4000000000E+04,   1.4000000000E+04,   1.4000000000E+04,   1.4000000000E+04,   1.4000000000E+04,   1.4000000000E+04,   1.4000000000E+04,   1.4000000000E+04,   1.4000000000E+04,   1.4000000000E+04,   1.4000000000E+04,   1.4000000000E+04,   1.4000000000E+04,   1.4000000000E+04,   1.4000000000E+04,   1.4000000000E+04,   1.4000000000E+04,   1.4000000000E+04,   1.4000000000E+04,   1.4000000000E+04,   1.4000000000E+04,   1.4000000000E+04,   1.4000000000E+04,   1.4000000000E+04,   1.4000000000E+04,   1.4000000000E+04,   1.4000000000E+04,   1.4000000000E+04,   1.4000000000E+04,   1.4000000000E+04
kc,   7.0000000000E-02,   7.0000000000E-02,   7.0000000000E-02,   7.0000000000E-02,   7.0000000000E-02,   7.0000000000E-02,   7.0000000000E-02,   7.0000000000E-02,   7.0000000000E-02,   7.0000000000E-02,   7.0000000000E-02,   7.0000000000E-02,   7.0000000000E-02,   7.0000000000E-02,   7.0000000000E-02,   7.0000000000E-02,   7.0000000000E-02,   7.0000000000E-02,   7.0000000000E-02,   7.0000000000E-02,   7.0000000000E-02,   7.0000000000E-02,   7.0000000000E-02,   7.0000000000E-02,   7.0000000000E-02,   7.0000000000E-02,   7.0000000000E-02,   7.0000000000E-02,   7.0000000000E-02,   7.0000000000E-02,   7.0000000000E-02,   7.0000000000E-02,   7.0000000000E-02,   7.0000000000E-02
h,   1.5000000000E+02,   1.5000000000E+02,   1.5000000000E+02,   1.5000000000E+02,   1.5000000000E+02,   1.5000000000E+02,   1.5000000000E+02,   1.5000000000E+02,   1.5000000000E+02,   1.5000000000E+02,   1.5000000000E+02,   1.5000000000E+02,   1.5000000000E+02,   1.5000000000E+02,   1.5000000000E+02,   1.5000000000E+02,   1.5000000000E+02,   1.5000000000E+02,   1.5000000000E+02,   1.5000000000E+02,   1.5000000000E+02,   1.5000000000E+02,   1.5000000000E+02,   1.5000000000E+02,   1.5000000000E+02,   1.5000000000E+02,   1.5000000000E+02,   1.5000000000E+02,   1.5000000000E+02,   1.5000000000E+02,   1.5000000000E+02,   1.5000000000E+02,   1.5000000000E+02,   1.5000000000E+02
m_d,   2.7000000000E+03,   2.7000000000E+03,   2.7000000000E+03,   2.7000000000E+03,   2.7000000000E+03,   2.7000000000E+03,   2.7000000000E+03,   2.7000000000E+03,   2.7000000000E+03,   2.7000000000E+03,   2.7000000000E+03,   2.7000000000E+03,   2.7000000000E+03,   2.7000000000E+03,   2.7000000000E+03,   2.7000000000E+03,   2.7000000000E+03,   2.7000000000E+03,   2.7000000000E+03,   2.7000000000E+03,   2.7000000000E+03,   2.7000000000E+03,   2.7000000000E+03,   2.7000000000E+03,   2.7000000000E+03,   2.7000000000E+03,   2.7000000000E+03,   2.7000000000E+03,   2.7000000000E+03,   2.7000000000E+03,   2.7000000000E+03,   2.7000000000E+03,   2.7000000000E+03,   2.7000000000E+03
m_a,   8.0000000000E+02,   8.0000000000E+02,   8.0000000000E+02,   8.0000000000E+02,   8.0000000000E+02,   8.0000000000E+02,   8.0000000000E+02,   8.0000000000E+02,   8.0000000000E+02,   8.0000000000E+02,   8.0000000000E+02,   8.0000000000E+02,   8.0000000000E+02,   8.0000000000E+02,   8.0000000000E+02,   8.0000000000E+02,   8.0000000000E+02,   8.0000000000E+02,   8.0000000000E+02,   8.0000000000E+02,   8.0000000000E+02,   8.0000000000E+02,   8.0000000000E+02,   8.0000000000E+02,   8.0000000000E+02,   8.0000000000E+02,   8.0000000000E+02,   8.0000000000E+02,   8.0000000000E+02,   8.0000000000E+02,   8.0000000000E+02,   8.0000000000E+02,   8.0000000000E+02,   8.0000000000E+02
ad,   7.3000000000E-02,   7.3000000000E-02,   7.3000000000E-02,   7.3000000000E-02,   7.3000000000E-02,   7.3000000000E-02,   7.3000000000E-02,   7.3000000000E-02,   7.3000000000E-02,   7.3000000000E-02,   7.3000000000E-02,   7.3000000000E-02,   7.3000000000E-02,   7.3000000000E-02,   7.3000000000E-02,   7.3000000000E-02,   7.3000000000E-02,   7.3000000000E-02,   7.3000000000E-02,   7.3000000000E-02,   7.3000000000E-02,   7.3000000000E-02,   7.3000000000E-02,   7.3000000000E-02,   7.3000000000E-02,   7.3000000000E-02,   7.3000000000E-02,   7.3000000000E-02,   7.3000000000E-02,   7.3000000000E-02,   7.3000000000E-02,   7.3000000000E-02,   7.3000000000E-02,   7.3000000000E-02
aa,   2.1000000000E-02,   2.1000000000E-02,   2.1000000000E-02,   2.1000000000E-02,   2.1000000000E-02,   2.1000000000E-02,   2.1000000000E-02,   2.1000000000E-02,   2.1000000000E-02,   2.1000000000E-02,   2.1000000000E-02,   2.1000000000E-02,   2.1000000000E-02,   2.1000000000E-02,   2.1000000000E-02,   2.1000000000E-02,   2.1000000000E-02,   2.1000000000E-02,   2.1000000000E-02,   2.1000000000E-02,   2.1000000000E-02,   2.1000000000E-02,   2.1000000000E-02,   2.1000000000E-02,   2.1000000000E-02,   2.1000000000E-02,   2.1000000000E-02,   2.1000000000E-02,   2.1000000000E-02,   2.1000000000E-02,   2.1000000000E-02,   2.1000000000E-02,   2.1000000000E-02,   2.1000000000E-02
ac,   2.0000000000E-02,   2.0000000000E-02,   2.0000000000E-02,   2.0000000000E-02,   2.0000000000E-02,   2.0000000000E-02,   2.0000000000E-02,   2.0000000000E-02,   2.0000000000E-02,   2.0000000000E-02,   2.0000000000E-02,   2.0000000000E-02,   2.0000000000E-02,   2.0000000000E-02,   2.0000000000E-02,   2.0000000000E-02,   2.0000000000E-02,   2.0000000000E-02,   2.0000000000E-02,   2.0000000000E-02,   2.0000000000E-02,   2.0000000000E-02,   2.0000000000E-02,   2.0000000000E-02,   2.0000000000E-02,   2.0000000000E-02,   2.0000000000E-02,   2.0000000000E-02,   2.0000000000E-02,   2.0000000000E-02,   2.0000000000E-02,   2.0000000000E-02,   2.0000000000E-02,   2.0000000000E-02
mu,   1.0000000000E-02,   1.0000000000E-02,   1.0000000000E-02,   1.0000000000E-02,   1.0000000000E-02,   1.0000000000E-02,   1.0000000000E-02,   1.0000000000E-02,   1.0000000000E-02,   1.0000000000E-02,   1.0000000000E-02,   1.0000000000E-02,   1.0000000000E-02,   1.0000000000E-02,   1.0000000000E-02,   1.0000000000E-02,   1.0000000000E-02,   1.0000000000E-02,   1.0000000000E-02,   1.0000000000E-02,   1.0000000000E-02,   1.0000000000E-02,   1.0000000000E-02,   1.0000000000E-02,   1.0000000000E-02,   1.0000000000E-02,   1.0000000000E-02,   1.0000000000E-02,   1.0000000000E-02,   1.0000000000E-02,   1.0000000000E-02,   1.0000000000E-02,   1.0000000000E-02,   1.0000000000E-02
a,   9.2000000000E+00,   9.2000000000E+00,   9.2000000000E+00,   9.2000000000E+00,   9.2000000000E+00,   9.2000000000E+00,   9.2000000000E+00,   9.2000000000E+00,   9.2000000000E+00,   9.2000000000E+00,   9.2000000000E+00,   9.2000000000E+00,   9.2000000000E+00,   9.2000000000E+00,   9.2000000000E+00,   9.2000000000E+00,   9.2000000000E+00,   9.2000000000E+00,   9.2000000000E+00,   9.2000000000E+00,   9.2000000000E+00,   9.2000000000E+00,   9.2000000000E+00,   9.2000000000E+00,   9.2000000000E+00,   9.2000000000E+00,   9.2000000000E+00,   9.2000000000E+00,   9.2000000000E+00,   9.2000000000E+00,   9.2000000000E+00,   9.2000000000E+00,   9.2000000000E+00,   9.2000000000E+00
b,  -7.0000000000E-01,  -7.0000000000E-01,  -7.0000000000E-01,  -7.0000000000E-01,  -7.0000000000E-01,  -7.0000000000E-01,  -7.0000000000E-01,  -7.0000000000E-01,  -7.0000000000E-01,  -7.0000000000E-01,  -7.0000000000E-01,  -7.0000000000E-01,  -7.0000000000E-01,  -7.0000000000E-01,  -7.0000000000E-01,  -7.0000000000E-01,  -7.0000000000E-01,  -7.0000000000E-01,  -7.0000000000E-01,  -7.0000000000E-01,  -7.0000000000E-01,  -7.0000000000E-01,  -7.0000000000E-01,  -7.0000000000E-01,  -7.0000000000E-01,  -7.0000000000E-01,  -7.0000000000E-01,  -7.0000000000E-01,  -7.0000000000E-01,  -7.0000000000E-01,  -7.0000000000E-01,  -7.0000000000E-01,  -7.0000000000E-01,  -7.0000000000E-01
c,   3.0000000000E-05,   3.0000000000E-05,   3.0000000000E-05,   3.0000000000E-05,   3.0000000000E-05,   3.0000000000E-05,   3.0000000000E-05,   3.0000000000E-05,   3.0000000000E-05,   3.0000000000E-05,   3.0000000000E-05,   3.0000000000E-05,   3.0000000000E-05,   3.0000000000E-05,   3.0000000000E-05,   3.0000000000E-05,   3.0000000000E-05,   3.0000000000E-05,   3.0000000000E-05,   3.0000000000E-05,   3.0000000000E-05,   3.0000000000E-05,   3.0000000000E-05,   3.0000000000E-05,   3.0000000000E-05,   3.0000000000E-05,   3.0000000000E-05,   3.0000000000E-05,   3.0000000000E-05,   3.0000000000E-05,   3.0000000000E-05,   3.0000000000E-05,   3.0000000000E-05,   3.0000000000E-05
f_1,   4.9898951973E+01,   4.9898951973E+01,   4.9898951973E+01,   4.9898951973E+01,   4.9898951973E+01,   4.9898951973E+01,   4.9898951973E+01,   4.9898951973E+01,   4.9898951973E+01,   4.9898951973E+01,   4.9898951973E+01,   4.9898951973E+01,   4.9898951973E+01,   4.9898951973E+01,   4.9898951973E+01,   4.9898951973E+01,   4.9898951973E+01,   4.9898951973E+01,   4.9898951973E+01,   4.9898951973E+01,   4.9898951973E+01,   4.9898951973E+01,   4.9898951973E+01,   4.9898951973E+01,   4.9898951973E+01,   4.9898951973E+01,   4.9898951973E+01,   4.9898951973E+01,   4.9898951973E+01,   4.9898951973E+01,   4.9898951973E+01,   4.9898951973E+01,   4.9898951973E+01,   4.9898951973E+01
f_2,   1.8869193016E+00,   1.8869193016E+00,   1.8869193016E+00,   1.8869193016E+00,   1.8869193016E+00,   1.8869193016E+00,   1.8869193016E+00,   1.8869193016E+00,   1.8869193016E+00,   1.8869193016E+00,   1.8869193016E+00,   1.8869193016E+00,   1.8869193016E+00,   1.8869193016E+00,   1.8869193016E+00,   1.8869193016E+00,   1.8869193016E+00,   1.8869193016E+00,   1.8869193016E+00,   1.8869193016E+00,   1.8869193016E+00,   1.8869193016E+00,   1.8869193016E+00,   1.8869193016E+00,   1.8869193016E+00,   1.8869193016E+00,   1.8869193016E+00,   1.8869193016E+00,   1.8869193016E+00,   1.8869193016E+00,   1.8869193016E+00,   1.8869193016E+00,   1.8869193016E+00,   1.8869193016E+00
f_3,   8.3685072123E-01,   8.3685072114E-01,   8.3685072143E-01,   8.3685072255E-01,   8.3685072669E-01,   8.3685074025E-01,   8.3685077123E-01,   8.3685079853E-01,   8.3685080204E-01,   8.3685080207E-01,   8.3685086834E-01,   8.3685104253E-01,   8.3685133902E-01,   8.3685174951E-01,   8.3685224975E-01,   8.3685280702E-01,   8.3685338693E-01,   8.3685395892E-01,   8.3685449975E-01,   8.3685499514E-01,   8.3685543972E-01,   8.3685709506E-01,   8.3685858897E-01,   8.3686116498E-01,   8.3686330205E-01,   8.3686505797E-01,   8.3686650236E-01,   8.3686769213E-01,   8.3686867294E-01,   8.3686948209E-01,   8.3686979409E-01,   8.3686679280E-01,   8.3686384031E-01,   8.3686148778E-01
f_4,   2.7871345150E-01,   2.7871345131E-01,   2.7871345199E-01,   2.7871345466E-01,   2.7871346455E-01,   2.7871349695E-01,   2.7871357096E-01,   2.7871363618E-01,   2.7871364457E-01,   2.7871364463E-01,   2.7871380296E-01,   2.7871421909E-01,   2.7871492740E-01,   2.7871590804E-01,   2.7871710310E-01,   2.7871843440E-01,   2.7871981981E-01,   2.7872118630E-01,   2.7872247834E-01,   2.7872366186E-01,   2.7872472396E-01,   2.7872867866E-01,   2.7873224774E-01,   2.7873840211E-01,   2.7874350791E-01,   2.7874770313E-01,   2.7875115409E-01,   2.7875399675E-01,   2.7875634015E-01,   2.7875827345E-01,   2.7875901889E-01,   2.7875184802E-01,   2.7874479390E-01,   2.7873917332E-01
f_5,   6.3144586749E-01,   6.3144586749E-01,   6.3144586749E-01,   6.3144586749E-01,   6.3144586749E-01,   6.3144586749E-01,   6.3144586749E-01,   6.3144586749E-01,   6.3144586749E-01,   6.3144586749E-01,   6.3144586749E-01,   6.3144586749E-01,   6.3144586749E-01,   6.3144586749E-01,   6.3144586749E-01,   6.3144586749E-01,   6.3144586749E-01,   6.3144586749E-01,   6.3144586749E-01,   6.3144586749E-01,   6.3144586749E-01,   6.3144586749E-01,   6.3144586749E-01,   6.3144586749E-01,   6.3144586749E-01,   6.3144586749E-01,   6.3144586749E-01,   6.3144586749E-01,   6.3144586749E-01,   6.3144586749E-01,   6.3144586749E-01,   6.3144586749E-01,   6.3144586749E-01,   6.3144586749E-01
f_6,   1.2778721341E+00,   1.2778721341E+00,   1.2778721341E+00,   1.2778721341E+00,   1.2778721341E+00,   1.2778721341E+00,   1.2778721341E+00,   1.2778721341E+00,   1.2778721341E+00,   1.2778721341E+00,   1.2778721341E+00,   1.2778721341E+00,   1.2778721341E+00,   1.2778721341E+00,   1.2778721341E+00,   1.2778721341E+00,   1.2778721341E+00,   1.2778721341E+00,   1.2778721341E+00,   1.2778721341E+00,   1.2778721341E+00,   1.2778721341E+00,   1.2778721341E+00,   1.2778721341E+00,   1.2778721341E+00,   1.2778721341E+00,   1.2778721341E+00,   1.2778721341E+00,   1.2778721341E+00,   1.2778721341E+00,   1.2778721341E+00,   1.2778721341E+00,   1.2778721341E+00,   1.2778721341E+00
f_7,   9.9252805482E-01,   9.9252805482E-01,   9.9252805482E-01,   9.9252805482E-01,   9.9252805482E-01,   9.9252805482E-01,   9.9252805482E-01,   9.9252805482E-01,   9.9252805482E-01,   9.9252805482E-01,   9.9252805482E-01,   9.9252805482E-01,   9.9252805482E-01,   9.9252805482E-01,   9.9252805482E-01,   9.9252805482E-01,   9.9252805482E-01,   9.9252805482E-01,   9.9252805482E-01,   9.9252805482E-01,   9.9252805482E-01,   9.9252805482E-01,   9.9252805482E-01,   9.9252805482E-01,   9.9252805482E-01,   9.9252805482E-01,   9.9252805482E-01,   9.9252805482E-01,   9.9252805482E-01,   9.9252805482E-01,   9.9252805482E-01,   9.9252805482E-01,   9.9252805482E-01,   9.9252805482E-01
f_8,   2.6419043452E+00,   2.6419043452E+00,   2.6419043452E+00,   2.6419043452E+00,   2.6419043452E+00,   2.6419043452E+00,   2.6419043452E+00,   2.6419043452E+00,   2.6419043452E+00,   2.6419043452E+00,   2.6419043452E+00,   2.6419043452E+00,   2.6419043452E+00,   2.6419043452E+00,   2.6419043452E+00,   2.6419043452E+00,   2.6419043452E+00,   2.6419043452E+00,   2.6419043452E+00,   2.6419043452E+00,   2.6419043452E+00,   2.6419043452E+00,   2.6419043452E+00,   2.6419043452E+00,   2.6419043452E+00,   2.6419043452E+00,   2.6419043452E+00,   2.6419043452E+00,   2.6419043452E+00,   2.6419043452E+00,   2.6419043452E+00,   2.6419043452E+00,   2.6419043452E+00,   2.6419043452E+00
m,   3.5000000000E+03,   3.5000000000E+03,   3.5000000000E+03,   3.5000000000E+03,   3.5000000000E+03,   3.5000000000E+03,   3.5000000000E+03,   3.5000000000E+03,   3.5000000000E+03,   3.5000000000E+03,   3.5000000000E+03,   3.5000000000E+03,   3.5000000000E+03,   3.5000000000E+03,   3.5000000000E+03,   3.5000000000E+03,   3.5000000000E+03,   3.5000000000E+03,   3.5000000000E+03,   3.5000000000E+03,   3.5000000000E+03,   3.5000000000E+03,   3.5000000000E+03,   3.5000000000E+03,   3.5000000000E+03,   3.5000000000E+03,   3.5000000000E+03,   3.5000000000E+03,   3.5000000000E+03,   3.5000000000E+03,   3.5000000000E+03,   3.5000000000E+03,   3.5000000000E+03,   3.5000000000E+03
va,   4.2000000000E+01,   4.2000000000E+01,   4.2000000000E+01,   4.2000000000E+01,   4.2000000000E+01,   4.2000000000E+01,   4.2000000000E+01,   4.2000000000E+01,   4.2000000000E+01,   4.2000000000E+01,   4.2000000000E+01,   4.2000000000E+01,   4.2000000000E+01,   4.2000000000E+01,   4.2000000000E+01,   4.2000000000E+01,   4.2000000000E+01,   4.2000000000E+01,   4.2000000000E+01,   4.2000000000E+01,   4.2000000000E+01,   4.2000000000E+01,   4.2000000000E+01,   4.2000000000E+01,   4.2000000000E+01,   4.2000000000E+01,   4.2000000000E+01,   4.2000000000E+01,   4.2000000000E+01,   4.2000000000E+01,   4.2000000000E+01,   4.2000000000E+01,   4.2000000000E+01,   4.2000000000E+01
vd,   1.4600000000E+02,   1.4600000000E+02,   1.4600000000E+02,   1.4600000000E+02,   1.4600000000E+02,   1.4600000000E+02,   1.4600000000E+02,   1.4600000000E+02,   1.4600000000E+02,   1.4600000000E+02,   1.4600000000E+02,   1.4600000000E+02,   1.4600000000E+02,   1.4600000000E+02,   1.4600000000E+02,   1.4600000000E+02,   1.4600000000E+02,   1.4600000000E+02,   1.4600000000E+02,   1.4600000000E+02,   1.4600000000E+02,   1.4600000000E+02,   1.4600000000E+02,   1.4600000000E+02,   1.4600000000E+02,   1.4600000000E+02,   1.4600000000E+02,   1.4600000000E+02,   1.4600000000E+02,   1.4600000000E+02,   1.4600000000E+02,   1.4600000000E+02,   1.4600000000E+02,   1.4600000000E+02
p_d_f,   5.7600000000E+00,   5.7600000000E+00,   5.7600000000E+00,   5.7600000000E+00,   5.7600000000E+00,   5.7600000000E+00,   5.7600000000E+00,   5.7600000000E+00,   5.7600000000E+00,   5.7600000000E+00,   5.7600000000E+00,   5.7600000000E+00,   5.7600000000E+00,   5.7600000000E+00,   5.7600000000E+00,   5.7600000000E+00,   5.7600000000E+00,   5.7600000000E+00,   5.7600000000E+00,   5.7600000000E+00,   5.7600000000E+00,   5.7600000000E+00,   5.7600000000E+00,   5.7600000000E+00,   5.7600000000E+00,   5.7600000000E+00,   5.7600000000E+00,   5.7600000000E+00,   5.7600000000E+00,   5.7600000000E+00,   5.7600000000E+00,   5.7600000000E+00,   5.7600000000E+00,   5.7600000000E+00
q_1,   2.4000000000E-02,   2.3999999701E-02,   2.3999999114E-02,   2.3999996838E-02,   2.3999988380E-02,   2.3999960689E-02,   2.3999897441E-02,   2.3999841703E-02,   2.3999834532E-02,   2.3999834479E-02,   2.3999699161E-02,   2.3999343514E-02,   2.3998738148E-02,   2.3997900004E-02,   2.3996878553E-02,   2.3995740617E-02,   2.3994556366E-02,   2.3993388243E-02,   2.3992283703E-02,   2.3991271904E-02,   2.3990363871E-02,   2.3986982789E-02,   2.3983930788E-02,   2.3978667679E-02,   2.3974300006E-02,   2.3970710759E-02,   2.3967757923E-02,   2.3965325351E-02,   2.3963319855E-02,   2.3961665220E-02,   2.3961027156E-02,   2.3967164737E-02,   2.3973200228E-02,   2.3978007938E-02
q_2,   2.4000000000E-02,   2.3999999701E-02,   2.3999999114E-02,   2.3999996838E-02,   2.3999988380E-02,   2.3999960689E-02,   2.3999897441E-02,   2.3999841703E-02,   2.3999834532E-02,   2.3999834479E-02,   2.3999699161E-02,   2.3999343514E-02,   2.3998738148E-02,   2.3997900004E-02,   2.3996878553E-02,   2.3995740617E-02,   2.3994556366E-02,   2.3993388243E-02,   2.3992283703E-02,   2.3991271904E-02,   2.3990363871E-02,   2.3986982789E-02,   2.3983930788E-02,   2.3978667679E-02,   2.3974300006E-02,   2.3970710759E-02,   2.3967757923E-02,   2.3965325351E-02,   2.3963319855E-02,   2.3961665220E-02,   2.3961027156E-02,   2.3967164737E-02,   2.3973200228E-02,   2.3978007938E-02
q_3,   2.4000000000E-02,   2.3999999701E-02,   2.3999999114E-02,   2.3999996838E-02,   2.3999988380E-02,   2.3999960689E-02,   2.3999897441E-02,   2.3999841703E-02,   2.3999834532E-02,   2.3999834479E-02,   2.3999699161E-02,   2.3999343514E-02,   2.3998738148E-02,   2.3997900004E-02,   2.3996878553E-02,   2.3995740617E-02,   2.3994556366E-02,   2.3993388243E-02,   2.3992283703E-02,   2.3991271904E-02,   2.3990363871E-02,   2.3986982789E-02,   2.3983930788E-02,   2.3978667679E-02,   2.3974300006E-02,   2.3970710759E-02,   2.3967757923E-02,   2.3965325351E-02,   2.3963319855E-02,   2.3961665220E-02,   2.3961027156E-02,   2.3967164737E-02,   2.3973200228E-02,   2.3978007938E-02
q_4,   2.4000000000E-02,   2.3999999701E-02,   2.3999999114E-02,   2.3999996838E-02,   2.3999988380E-02,   2.3999960689E-02,   2.3999897441E-02,   2.3999841703E-02,   2.3999834532E-02,   2.3999834479E-02,   2.3999699161E-02,   2.3999343514E-02,   2.3998738148E-02,   2.3997900004E-02,   2.3996878553E-02,   2.3995740617E-02,   2.3994556366E-02,   2.3993388243E-02,   2.3992283703E-02,   2.3991271904E-02,   2.3990363871E-02,   2.3986982789E-02,   2.3983930788E-02,   2.3978667679E-02,   2.3974300006E-02,   2.3970710759E-02,   2.3967757923E-02,   2.3965325351E-02,   2.3963319855E-02,   2.3961665220E-02,   2.3961027156E-02,   2.3967164737E-02,   2.3973200228E-02,   2.3978007938E-02
q_5,   2.4000000000E-02,   2.3999999701E-02,   2.3999999114E-02,   2.3999996838E-02,   2.3999988380E-02,   2.3999960689E-02,   2.3999897441E-02,   2.3999841703E-02,   2.3999834532E-02,   2.3999834479E-02,   2.3999699161E-02,   2.3999343514E-02,   2.3998738148E-02,   2.3997900004E-02,   2.3996878553E-02,   2.3995740617E-02,   2.3994556366E-02,   2.3993388243E-02,   2.3992283703E-02,   2.3991271904E-02,   2.3990363871E-02,   2.3986982789E-02,   2.3983930788E-02,   2.3978667679E-02,   2.3974300006E-02,   2.3970710759E-02,   2.3967757923E-02,   2.3965325351E-02,   2.3963319855E-02,   2.3961665220E-02,   2.3961027156E-02,   2.3967164737E-02,   2.3973200228E-02,   2.3978007938E-02
q_6,   2.4000000000E-02,   2.3999999701E-02,   2.3999999114E-02,   2.3999996838E-02,   2.3999988380E-02,   2.3999960689E-02,   2.3999897441E-02,   2.3999841703E-02,   2.3999834532E-02,   2.3999834479E-02,   2.3999699161E-02,   2.3999343514E-02,   2.3998738148E-02,   2.3997900004E-02,   2.3996878553E-02,   2.3995740617E-02,   2.3994556366E-02,   2.3993388243E-02,   2.3992283703E-02,   2.3991271904E-02,   2.3990363871E-02,   2.3986982789E-02,   2.3983930788E-02,   2.3978667679E-02,   2.3974300006E-02,   2.3970710759E-02,   2.3967757923E-02,   2.3965325351E-02,   2.3963319855E-02,   2.3961665220E-02,   2.3961027156E-02,   2.3967164737E-02,   2.3973200228E-02,   2.3978007938E-02
q_7,   2.4000000000E-02,   2.3999999701E-02,   2.3999999114E-02,   2.3999996838E-02,   2.3999988380E-02,   2.3999960689E-02,   2.3999897441E-02,   2.3999841703E-02,   2.3999834532E-02,   2.3999834479E-02,   2.3999699161E-02,   2.3999343514E-02,   2.3998738148E-02,   2.3997900004E-02,   2.3996878553E-02,   2.3995740617E-02,   2.3994556366E-02,   2.3993388243E-02,   2.3992283703E-02,   2.3991271904E-02,   2.3990363871E-02,   2.3986982789E-02,   2.3983930788E-02,   2.3978667679E-02,   2.3974300006E-02,   2.3970710759E-02,   2.3967757923E-02,   2.3965325351E-02,   2.3963319855E-02,   2.3961665220E-02,   2.3961027156E-02,   2.3967164737E-02,   2.3973200228E-02,   2.3978007938E-02
q_8,   2.4000000000E-02,   2.3999999701E-02,   2.3999999114E-02,   2.3999996838E-02,   2.3999988380E-02,   2.3999960689E-02,   2.3999897441E-02,   2.3999841703E-02,   2.3999834532E-02,   2.3999834479E-02,   2.3999699161E-02,   2.3999343514E-02,   2.3998738148E-02,   2.3997900004E-02,   2.3996878553E-02,   2.3995740617E-02,   2.3994556366E-02,   2.3993388243E-02,   2.3992283703E-02,   2.3991271904E-02,   2.3990363871E-02,   2.3986982789E-02,   2.3983930788E-02,   2.3978667679E-02,   2.3974300006E-02,   2.3970710759E-02,   2.3967757923E-02,   2.3965325351E-02,   2.3963319855E-02,   2.3961665220E-02,   2.3961027156E-02,   2.3967164737E-02,   2.3973200228E-02,   2.3978007938E-02
q_9,   2.4000000000E-02,   2.3999999701E-02,   2.3999999114E-02,   2.3999996838E-02,   2.3999988380E-02,   2.3999960689E-02,   2.3999897441E-02,   2.3999841703E-02,   2.3999834532E-02,   2.3999834479E-02,   2.3999699161E-02,   2.3999343514E-02,   2.3998738148E-02,   2.3997900004E-02,   2.3996878553E-02,   2.3995740617E-02,   2.3994556366E-02,   2.3993388243E-02,   2.3992283703E-02,   2.3991271904E-02,   2.3990363871E-02,   2.3986982789E-02,   2.3983930788E-02,   2.3978667679E-02,   2.3974300006E-02,   2.3970710759E-02,   2.3967757923E-02,   2.3965325351E-02,   2.3963319855E-02,   2.3961665220E-02,   2.3961027156E-02,   2.3967164737E-02,   2.3973200228E-02,   2.3978007938E-02
q_10,   2.4000000000E-02,   2.3999999701E-02,   2.3999999114E-02,   2.3999996838E-02,   2.3999988380E-02,   2.3999960689E-02,   2.3999897441E-02,   2.3999841703E-02,   2.3999834532E-02,   2.3999834479E-02,   2.3999699161E-02,   2.3999343514E-02,   2.3998738148E-02,   2.3997900004E-02,   2.3996878553E-02,   2.3995740617E-02,   2.3994556366E-02,   2.3993388243E-02,   2.3992283703E-02,   2.3991271904E-02,   2.3990363871E-02,   2.3986982789E-02,   2.3983930788E-02,   2.3978667679E-02,   2.3974300006E-02,   2.3970710759E-02,   2.3967757923E-02,   2.3965325351E-02,   2.3963319855E-02,   2.3961665220E-02,   2.3961027156E-02,   2.3967164737E-02,   2.3973200228E-02,   2.3978007938E-02
n_1,   1.0000000000E+00,   1.0000000000E+00,   1.0000000000E+00,   1.0000000000E+00,   1.0000000000E+00,   1.0000000000E+00,   1.0000000000E+00,   1.0000000000E+00,   1.0000000000E+00,   1.0000000000E+00,   1.0000000000E+00,   1.0000000000E+00,   1.0000000000E+00,   1.0000000000E+00,   1.0000000000E+00,   1.0000000000E+00,   1.0000000000E+00,   1.0000000000E+00,   1.0000000000E+00,   1.0000000000E+00,   1.0000000000E+00,   1.0000000000E+00,   1.0000000000E+00,   1.0000000000E+00,   1.0000000000E+00,   1.0000000000E+00,   1.0000000000E+00,   1.0000000000E+00,   1.0000000000E+00,   1.0000000000E+00,   1.0000000000E+00,   1.0000000000E+00,   1.0000000000E+00,   1.0000000000E+00
n_2, 0.00              , 0.00              , 0.00              , 0.00              , 0.00              , 0.00              , 0.00              , 0.00              , 0.00              , 0.00              , 0.00              , 0.00              , 0.00              , 0.00              , 0.00              , 0.00              , 0.00              , 0.00              , 0.00              , 0.00              , 0.00              , 0.00              , 0.00              , 0.00              , 0.00              , 0.00              , 0.00              , 0.00              , 0.00              , 0.00              , 0.00              , 0.00              , 0.00              , 0.00              
n_3, 0.00              , 0.00              , 0.00              , 0.00              , 0.00              , 0.00              , 0.00              , 0.00              , 0.00              , 0.00              , 0.00              , 0.00              , 0.00              , 0.00              , 0.00              , 0.00              , 0.00              , 0.00              , 0.00              , 0.00              , 0.00              , 0.00              , 0.00              , 0.00              , 0.00              , 0.00              , 0.00              , 0.00              , 0.00              , 0.00              , 0.00              , 0.00              , 0.00              , 0.00              
n_4, 0.00              , 0.00              , 0.00              , 0.00              , 0.00              , 0.00              , 0.00              , 0.00              , 0.00              , 0.00              , 0.00              , 0.00              , 0.00              , 0.00              , 0.00              , 0.00              , 0.00              , 0.00              , 0.00              , 0.00              , 0.00              , 0.00              , 0.00              , 0.00              , 0.00              , 0.00              , 0.00              , 0.00              , 0.00              , 0.00              , 0.00              , 0.00              , 0.00              , 0.00              
n_5, 0.00              , 0.00              , 0.00              , 0.00              , 0.00              , 0.00              , 0.00              , 0.00              , 0.00              , 0.00              , 0.00              , 0.00              , 0.00              , 0.00              , 0.00              , 0.00              , 0.00              , 0.00              , 0.00              , 0.00              , 0.00              , 0.00              , 0.00              , 0.00              , 0.00              , 0.00              , 0.00              , 0.00              , 0.00              , 0.00              , 0.00              , 0.00              , 0.00              , 0.00              
n_6, 0.00              , 0.00              , 0.00              , 0.00              , 0.00              , 0.00              , 0.00              , 0.00              , 0.00              , 0.00              , 0.00              , 0.00              , 0.00              , 0.00              , 0.00              , 0.00              , 0.00              , 0.00              , 0.00              , 0.00              , 0.00              , 0.00              , 0.00              , 0.00              , 0.00              , 0.00              , 0.00              , 0.00              , 0.00              , 0.00              , 0.00              , 0.00              , 0.00              , 0.00              
n_7, 0.00              , 0.00              , 0.00              , 0.00              , 0.00              , 0.00              , 0.00              , 0.00              , 0.00              , 0.00              , 0.00              , 0.00              , 0.00              , 0.00              , 0.00              , 0.00              , 0.00              , 0.00              , 0.00              , 0.00              , 0.00              , 0.00              , 0.00              , 0.00              , 0.00              , 0.00              , 0.00              , 0.00              , 0.00              , 0.00              , 0.00              , 0.00              , 0.00              , 0.00              
n_8, 0.00              , 0.00              , 0.00              , 0.00              , 0.00              , 0.00              , 0.00              , 0.00              , 0.00              , 0.00              , 0.00              , 0.00              , 0.00              , 0.00              , 0.00              , 0.00              , 0.00              , 0.00              , 0.00              , 0.00              , 0.00              , 0.00              , 0.00              , 0.00              , 0.00              , 0.00              , 0.00              , 0.00              , 0.00              , 0.00              , 0.00              , 0.00              , 0.00              , 0.00              
n_9, 0.00              , 0.00              , 0.00              , 0.00              , 0.00              , 0.00              , 0.00              , 0.00              , 0.00              , 0.00              , 0.00              , 0.00              , 0.00              , 0.00              , 0.00              , 0.00              , 0.00              , 0.00              , 0.00              , 0.00              , 0.00              , 0.00              , 0.00              , 0.00              , 0.00              , 0.00              , 0.00              , 0.00              , 0.00              , 0.00              , 0.00              , 0.00              , 0.00              , 0.00              
n_10, 0.00              , 0.00              , 0.00              , 0.00              , 0.00              , 0.00              , 0.00              , 0.00              , 0.00              , 0.00              , 0.00              , 0.00              , 0.00              , 0.00              , 0.00              , 0.00              , 0.00              , 0.00              , 0.00              , 0.00              , 0.00              , 0.00              , 0.00              , 0.00              , 0.00              , 0.00              , 0.00              , 0.00              , 0.00              , 0.00              , 0.00              , 0.00              , 0.00              , 0.00              
s_1, 0.00              , 0.00              , 0.00              , 0.00              , 0.00              , 0.00              , 0.00              , 0.00              , 0.00              , 0.00              , 0.00              , 0.00              , 0.00              , 0.00              , 0.00              , 0.00              , 0.00              , 0.00              , 0.00              , 0.00              , 0.00              , 0.00              , 0.00              , 0.00              , 0.00              , 0.00              , 0.00              , 0.00              , 0.00              , 0.00              , 0.00              , 0.00              , 0.00              , 0.00              
s_2, 0.00              , 0.00              , 0.00              , 0.00              , 0.00              , 0.00              , 0.00              , 0.00              , 0.00              , 0.00              , 0.00              , 0.00              , 0.00              , 0.00              , 0.00              , 0.00              , 0.00              , 0.00              , 0.00              , 0.00              , 0.00              , 0.00              , 0.00              , 0.00              , 0.00              , 0.00              , 0.00              , 0.00              , 0.00              , 0.00              , 0.00              , 0.00              , 0.00              , 0.00              
s_3, 0.00              , 0.00              , 0.00              , 0.00              , 0.00              , 0.00              , 0.00              , 0.00              , 0.00              , 0.00              , 0.00              , 0.00              , 0.00              , 0.00              , 0.00              , 0.00              , 0.00              , 0.00              , 0.00              , 0.00              , 0.00              , 0.00              , 0.00              , 0.00              , 0.00              , 0.00              , 0.00              , 0.00              , 0.00              , 0.00              , 0.00              , 0.00              , 0.00              , 0.00              
s_4, 0.00              , 0.00              , 0.00              , 0.00              , 0.00              , 0.00              , 0.00              , 0.00              , 0.00              , 0.00              , 0.00              , 0.00              , 0.00              , 0.00              , 0.00              , 0.00              , 0.00              , 0.00              , 0.00              , 0.00              , 0.00              , 0.00              , 0.00              , 0.00              , 0.00              , 0.00              , 0.00              , 0.00              , 0.00              , 0.00              , 0.00              , 0.00              , 0.00              , 0.00              
s_5, 0.00              , 0.00              , 0.00              , 0.00              , 0.00              , 0.00              , 0.00              , 0.00              , 0.00              , 0.00              , 0.00              , 0.00              , 0.00              , 0.00              , 0.00              , 0.00              , 0.00              , 0.00              , 0.00              , 0.00              , 0.00              , 0.00              , 0.00              , 0.00              , 0.00              , 0.00              , 0.00              , 0.00              , 0.00              , 0.00              , 0.00              , 0.00              , 0.00              , 0.00              
s_6, 0.00              , 0.00              , 0.00              , 0.00              , 0.00              , 0.00              , 0.00              , 0.00              , 0.00              , 0.00              , 0.00              , 0.00              , 0.00              , 0.00              , 0.00              , 0.00              , 0.00              , 0.00              , 0.00              , 0.00              , 0.00              , 0.00              , 0.00              , 0.00              , 0.00              , 0.00              , 0.00              , 0.00              , 0.00              , 0.00              , 0.00              , 0.00              , 0.00              , 0.00              
s_7, 0.00              , 0.00              , 0.00              , 0.00              , 0.00              , 0.00              , 0.00              , 0.00              , 0.00              , 0.00              , 0.00              , 0.00              , 0.00              , 0.00              , 0.00              , 0.00              , 0.00              , 0.00              , 0.00              , 0.00              , 0.00              , 0.00              , 0.00              , 0.00              , 0.00              , 0.00              , 0.00              , 0.00              , 0.00              , 0.00              , 0.00              , 0.00              , 0.00              , 0.00              
s_8, 0.00              , 0.00              , 0.00              , 0.00              , 0.00              , 0.00              , 0.00              , 0.00              , 0.00              , 0.00              , 0.00              , 0.00              , 0.00              , 0.00              , 0.00              , 0.00              , 0.00              , 0.00              , 0.00              , 0.00              , 0.00              , 0.00              , 0.00              , 0.00              , 0.00              , 0.00              , 0.00              , 0.00              , 0.00              , 0.00              , 0.00              , 0.00              , 0.00              , 0.00              
s_9, 0.00              , 0.00              , 0.00              , 0.00              , 0.00              , 0.00              , 0.00              , 0.00              , 0.00              , 0.00              , 0.00              , 0.00              , 0.00              , 0.00              , 0.00              , 0.00              , 0.00              , 0.00              , 0.00              , 0.00              , 0.00              , 0.00              , 0.00              , 0.00              , 0.00              , 0.00              , 0.00              , 0.00              , 0.00              , 0.00              , 0.00              , 0.00              , 0.00              , 0.00              
d_i,   3.0494857037E-01,   3.0494857037E-01,   3.0494857037E-01,   3.0494857037E-01,   3.0494857037E-01,   3.0494857037E-01,   3.0494857037E-01,   3.0494857037E-01,   3.0494857037E-01,   3.0494857037E-01,   3.0494857037E-01,   3.0494857037E-01,   3.0494857037E-01,   3.0494857037E-01,   3.0494857037E-01,   3.0494857037E-01,   3.0494857037E-01,   3.0494857037E-01,   3.0494857037E-01,   3.0494857037E-01,   3.0494857037E-01,   3.0494857037E-01,   3.0494857037E-01,   3.0494857037E-01,   3.0494857037E-01,   3.0494857037E-01,   3.0494857037E-01,   3.0494857037E-01,   3.0494857037E-01,   3.0494857037E-01,   3.0494857037E-01,   3.0494857037E-01,   3.0494857037E-01,   3.0494857037E-01
d_o,   4.6850771062E-01,   4.6850771062E-01,   4.6850771062E-01,   4.6850771062E-01,   4.6850771062E-01,   4.6850771062E-01,   4.6850771062E-01,   4.6850771062E-01,   4.6850771062E-01,   4.6850771062E-01,   4.6850771062E-01,   4.6850771062E-01,   4.6850771062E-01,   4.6850771062E-01,   4.6850771062E-01,   4.6850771062E-01,   4.6850771062E-01,   4.6850771062E-01,   4.6850771062E-01,   4.6850771062E-01,   4.6850771062E-01,   4.6850771062E-01,   4.6850771062E-01,   4.6850771062E-01,   4.6850771062E-01,   4.6850771062E-01,   4.6850771062E-01,   4.6850771062E-01,   4.6850771062E-01,   4.6850771062E-01,   4.6850771062E-01,   4.6850771062E-01,   4.6850771062E-01,   4.6850771062E-01
vel_a,   1.1428571429E+00,   1.1428571286E+00,   1.1428571007E+00,   1.1428569923E+00,   1.1428565895E+00,   1.1428552709E+00,   1.1428522591E+00,   1.1428496049E+00,   1.1428492634E+00,   1.1428492609E+00,   1.1428428172E+00,   1.1428258816E+00,   1.1427970546E+00,   1.1427571430E+00,   1.1427085025E+00,   1.1426543151E+00,   1.1425979222E+00,   1.1425422973E+00,   1.1424897001E+00,   1.1424415192E+00,   1.1423982796E+00,   1.1422372757E+00,   1.1420919423E+00,   1.1418413181E+00,   1.1416333336E+00,   1.1414624171E+00,   1.1413218059E+00,   1.1412059691E+00,   1.1411104693E+00,   1.1410316771E+00,   1.1410012931E+00,   1.1412935589E+00,   1.1415809633E+00,   1.1418099018E+00
na_a,   1.9810283066E+02,   1.9810282819E+02,   1.9810282335E+02,   1.9810280456E+02,   1.9810273475E+02,   1.9810250618E+02,   1.9810198411E+02,   1.9810152404E+02,   1.9810146484E+02,   1.9810146440E+02,   1.9810034745E+02,   1.9809741184E+02,   1.9809241497E+02,   1.9808549670E+02,   1.9807706535E+02,   1.9806767250E+02,   1.9805789736E+02,   1.9804825534E+02,   1.9803913815E+02,   1.9803078647E+02,   1.9802329131E+02,   1.9799538290E+02,   1.9797019081E+02,   1.9792674762E+02,   1.9789069559E+02,   1.9786106893E+02,   1.9783669538E+02,   1.9781661624E+02,   1.9780006231E+02,   1.9778640447E+02,   1.9778113771E+02,   1.9783179906E+02,   1.9788161772E+02,   1.9792130192E+02
na_r,   1.4140165218E+01,   1.4140165218E+01,   1.4140165218E+01,   1.4140165218E+01,   1.4140165218E+01,   1.4140165218E+01,   1.4140165218E+01,   1.4140165218E+01,   1.4140165218E+01,   1.4140165218E+01,   1.4140165218E+01,   1.4140165218E+01,   1.4140165218E+01,   1.4140165218E+01,   1.4140165218E+01,   1.4140165218E+01,   1.4140165218E+01,   1.4140165218E+01,   1.4140165218E+01,   1.4140165218E+01,   1.4140165218E+01,   1.4140165218E+01,   1.4140165218E+01,   1.4140165218E+01,   1.4140165218E+01,   1.4140165218E+01,   1.4140165218E+01,   1.4140165218E+01,   1.4140165218E+01,   1.4140165218E+01,   1.4140165218E+01,   1.4140165218E+01,   1.4140165218E+01,   1.4140165218E+01
a_1,   3.9100000000E+00,   3.9100000000E+00,   3.9100000000E+00,   3.9100000000E+00,   3.9100000000E+00,   3.9100000000E+00,   3.9100000000E+00,   3.9100000000E+00,   3.9100000000E+00,   3.9100000000E+00,   3.9100000000E+00,   3.9100000000E+00,   3.9100000000E+00,   3.9100000000E+00,   3.9100000000E+00,   3.9100000000E+00,   3.9100000000E+00,   3.9100000000E+00,   3.9100000000E+00,   3.9100000000E+00,   3.9100000000E+00,   3.9100000000E+00,   3.9100000000E+00,   3.9100000000E+00,   3.9100000000E+00,   3.9100000000E+00,   3.9100000000E+00,   3.9100000000E+00,   3.9100000000E+00,   3.9100000000E+00,   3.9100000000E+00,   3.9100000000E+00,   3.9100000000E+00,   3.9100000000E+00
a_2,   9.4500000000E-05,   9.4500000000E-05,   9.4500000000E-05,   9.4500000000E-05,   9.4500000000E-05,   9.4500000000E-05,   9.4500000000E-05,   9.4500000000E-05,   9.4500000000E-05,   9.4500000000E-05,   9.4500000000E-05,   9.4500000000E-05,   9.4500000000E-05,   9.4500000000E-05,   9.4500000000E-05,   9.4500000000E-05,   9.4500000000E-05,   9.4500000000E-05,   9.4500000000E-05,   9.4500000000E-05,   9.4500000000E-05,   9.4500000000E-05,   9.4500000000E-05,   9.4500000000E-05,   9.4500000000E-05,   9.4500000000E-05,   9.4500000000E-05,   9.4500000000E-05,   9.4500000000E-05,   9.4500000000E-05,   9.4500000000E-05,   9.4500000000E-05,   9.4500000000E-05,   9.4500000000E-05
a_3,   6.8600000000E-05,   6.8600000000E-05,   6.8600000000E-05,   6.8600000000E-05,   6.8600000000E-05,   6.8600000000E-05,   6.8600000000E-05,   6.8600000000E-05,   6.8600000000E-05,   6.8600000000E-05,   6.8600000000E-05,   6.8600000000E-05,   6.8600000000E-05,   6.8600000000E-05,   6.8600000000E-05,   6.8600000000E-05,   6.8600000000E-05,   6.8600000000E-05,   6.8600000000E-05,   6.8600000000E-05,   6.8600000000E-05,   6.8600000000E-05,   6.8600000000E-05,   6.8600000000E-05,   6.8600000000E-05,   6.8600000000E-05,   6.8600000000E-05,   6.8600000000E-05,   6.8600000000E-05,   6.8600000000E-05,   6.8600000000E-05,   6.8600000000E-05,   6.8600000000E-05,   6.8600000000E-05
a_4,   4.0000000000E-05,   4.0000000000E-05,   4.0000000000E-05,   4.0000000000E-05,   4.0000000000E-05,   4.0000000000E-05,   4.0000000000E-05,   4.0000000000E-05,   4.0000000000E-05,   4.0000000000E-05,   4.0000000000E-05,   4.0000000000E-05,   4.0000000000E-05,   4.0000000000E-05,   4.0000000000E-05,   4.0000000000E-05,   4.0000000000E-05,   4.0000000000E-05,   4.0000000000E-05,   4.0000000000E-05,   4.0000000000E-05,   4.0000000000E-05,   4.0000000000E-05,   4.0000000000E-05,   4.0000000000E-05,   4.0000000000E-05,   4.0000000000E-05,   4.0000000000E-05,   4.0000000000E-05,   4.0000000000E-05,   4.0000000000E-05,   4.0000000000E-05,   4.0000000000E-05,   4.0000000000E-05
a_5,   9.0000000000E-01,   9.0000000000E-01,   9.0000000000E-01,   9.0000000000E-01,   9.0000000000E-01,   9.0000000000E-01,   9.0000000000E-01,   9.0000000000E-01,   9.0000000000E-01,   9.0000000000E-01,   9.0000000000E-01,   9.0000000000E-01,   9.0000000000E-01,   9.0000000000E-01,   9.0000000000E-01,   9.0000000000E-01,   9.0000000000E-01,   9.0000000000E-01,   9.0000000000E-01,   9.0000000000E-01,   9.0000000000E-01,   9.0000000000E-01,   9.0000000000E-01,   9.0000000000E-01,   9.0000000000E-01,   9.0000000000E-01,   9.0000000000E-01,   9.0000000000E-01,   9.0000000000E-01,   9.0000000000E-01,   9.0000000000E-01,   9.0000000000E-01,   9.0000000000E-01,   9.0000000000E-01
a_6,   4.8000000000E-01,   4.8000000000E-01,   4.8000000000E-01,   4.8000000000E-01,   4.8000000000E-01,   4.8000000000E-01,   4.8000000000E-01,   4.8000000000E-01,   4.8000000000E-01,   4.8000000000E-01,   4.8000000000E-01,   4.8000000000E-01,   4.8000000000E-01,   4.8000000000E-01,   4.8000000000E-01,   4.8000000000E-01,   4.8000000000E-01,   4.8000000000E-01,   4.8000000000E-01,   4.8000000000E-01,   4.8000000000E-01,   4.8000000000E-01,   4.8000000000E-01,   4.8000000000E-01,   4.8000000000E-01,   4.8000000000E-01,   4.8000000000E-01,   4.8000000000E-01,   4.8000000000E-01,   4.8000000000E-01,   4.8000000000E-01,   4.8000000000E-01,   4.8000000000E-01,   4.8000000000E-01
a_7,   2.5000000000E-02,   2.5000000000E-02,   2.5000000000E-02,   2.5000000000E-02,   2.5000000000E-02,   2.5000000000E-02,   2.5000000000E-02,   2.5000000000E-02,   2.5000000000E-02,   2.5000000000E-02,   2.5000000000E-02,   2.5000000000E-02,   2.5000000000E-02,   2.5000000000E-02,   2.5000000000E-02,   2.5000000000E-02,   2.5000000000E-02,   2.5000000000E-02,   2.5000000000E-02,   2.5000000000E-02,   2.5000000000E-02,   2.5000000000E-02,   2.5000000000E-02,   2.5000000000E-02,   2.5000000000E-02,   2.5000000000E-02,   2.5000000000E-02,   2.5000000000E-02,   2.5000000000E-02,   2.5000000000E-02,   2.5000000000E-02,   2.5000000000E-02,   2.5000000000E-02,   2.5000000000E-02
a_8,   6.7000000000E-01,   6.7000000000E-01,   6.7000000000E-01,   6.7000000000E-01,   6.7000000000E-01,   6.7000000000E-01,   6.7000000000E-01,   6.7000000000E-01,   6.7000000000E-01,   6.7000000000E-01,   6.7000000000E-01,   6.7000000000E-01,   6.7000000000E-01,   6.7000000000E-01,   6.7000000000E-01,   6.7000000000E-01,   6.7000000000E-01,   6.7000000000E-01,   6.7000000000E-01,   6.7000000000E-01,   6.7000000000E-01,   6.7000000000E-01,   6.7000000000E-01,   6.7000000000E-01,   6.7000000000E-01,   6.7000000000E-01,   6.7000000000E-01,   6.7000000000E-01,   6.7000000000E-01,   6.7000000000E-01,   6.7000000000E-01,   6.7000000000E-01,   6.7000000000E-01,   6.7000000000E-01
w_t,   1.0000000000E+00,   1.0000000000E+00,   1.0000000000E+00,   1.0000000000E+00,   1.0000000000E+00,   1.0000000000E+00,   1.0000000000E+00,   1.0000000000E+00,   1.0000000000E+00,   1.0000000000E+00,   1.0000000000E+00,   1.0000000000E+00,   1.0000000000E+00,   1.0000000000E+00,   1.0000000000E+00,   1.0000000000E+00,   1.0000000000E+00,   1.0000000000E+00,   1.0000000000E+00,   1.0000000000E+00,   1.0000000000E+00,   1.0000000000E+00,   1.0000000000E+00,   1.0000000000E+00,   1.0000000000E+00,   1.0000000000E+00,   1.0000000000E+00,   1.0000000000E+00,   1.0000000000E+00,   1.0000000000E+00,   1.0000000000E+00,   1.0000000000E+00,   1.0000000000E+00,   1.0000000000E+00
f_j,   1.4500000000E+03,   1.4500000000E+03,   1.4500000000E+03,   1.4500000000E+03,   1.4500000000E+03,   1.4500000000E+03,   1.4500000000E+03,   1.4500000000E+03,   1.4500000000E+03,   1.4500000000E+03,   1.4500000000E+03,   1.4500000000E+03,   1.4500000000E+03,   1.4500000000E+03,   1.4500000000E+03,   1.4500000000E+03,   1.4500000000E+03,   1.4500000000E+03,   1.4500000000E+03,   1.4500000000E+03,   1.4500000000E+03,   1.4500000000E+03,   1.4500000000E+03,   1.4500000000E+03,   1.4500000000E+03,   1.4500000000E+03,   1.4500000000E+03,   1.4500000000E+03,   1.4500000000E+03,   1.4500000000E+03,   1.4500000000E+03,   1.4500000000E+03,   1.4500000000E+03,   1.4500000000E+03
f_t_d,   3.0000000000E-01,   3.0000000000E-01,   3.0000000000E-01,   3.0000000000E-01,   3.0000000000E-01,   3.0000000000E-01,   3.0000000000E-01,   3.0000000000E-01,   3.0000000000E-01,   3.0000000000E-01,   3.0000000000E-01,   3.0000000000E-01,   3.0000000000E-01,   3.0000000000E-01,   3.0000000000E-01,   3.0000000000E-01,   3.0000000000E-01,   3.0000000000E-01,   3.0000000000E-01,   3.0000000000E-01,   3.0000000000E-01,   3.0000000000E-01,   3.0000000000E-01,   3.0000000000E-01,   3.0000000000E-01,   3.0000000000E-01,   3.0000000000E-01,   3.0000000000E-01,   3.0000000000E-01,   3.0000000000E-01,   3.0000000000E-01,   3.0000000000E-01,   3.0000000000E-01,   3.0000000000E-01
d_b,   1.0000000000E+01,   1.0000000000E+01,   1.0000000000E+01,   1.0000000000E+01,   1.0000000000E+01,   1.0000000000E+01,   1.0000000000E+01,   1.0000000000E+01,   1.0000000000E+01,   1.0000000000E+01,   1.0000000000E+01,   1.0000000000E+01,   1.0000000000E+01,   1.0000000000E+01,   1.0000000000E+01,   1.0000000000E+01,   1.0000000000E+01,   1.0000000000E+01,   1.0000000000E+01,   1.0000000000E+01,   1.0000000000E+01,   1.0000000000E+01,   1.0000000000E+01,   1.0000000000E+01,   1.0000000000E+01,   1.0000000000E+01,   1.0000000000E+01,   1.0000000000E+01,   1.0000000000E+01,   1.0000000000E+01,   1.0000000000E+01,   1.0000000000E+01,   1.0000000000E+01,   1.0000000000E+01
g,   9.8100000000E+00,   9.8100000000E+00,   9.8100000000E+00,   9.8100000000E+00,   9.8100000000E+00,   9.8100000000E+00,   9.8100000000E+00,   9.8100000000E+00,   9.8100000000E+00,   9.8100000000E+00,   9.8100000000E+00,   9.8100000000E+00,   9.8100000000E+00,   9.8100000000E+00,   9.8100000000E+00,   9.8100000000E+00,   9.8100000000E+00,   9.8100000000E+00,   9.8100000000E+00,   9.8100000000E+00,   9.8100000000E+00,   9.8100000000E+00,   9.8100000000E+00,   9.8100000000E+00,   9.8100000000E+00,   9.8100000000E+00,   9.8100000000E+00,   9.8100000000E+00,   9.8100000000E+00,   9.8100000000E+00,   9.8100000000E+00,   9.8100000000E+00,   9.8100000000E+00,   9.8100000000E+00
rho_a1,   1.4000000000E+01,   1.4000000000E+01,   1.4000000000E+01,   1.4000000000E+01,   1.4000000000E+01,   1.4000000000E+01,   1.4000000000E+01,   1.4000000000E+01,   1.4000000000E+01,   1.4000000000E+01,   1.4000000000E+01,   1.4000000000E+01,   1.4000000000E+01,   1.4000000000E+01,   1.4000000000E+01,   1.4000000000E+01,   1.4000000000E+01,   1.4000000000E+01,   1.4000000000E+01,   1.4000000000E+01,   1.4000000000E+01,   1.4000000000E+01,   1.4000000000E+01,   1.4000000000E+01,   1.4000000000E+01,   1.4000000000E+01,   1.4000000000E+01,   1.4000000000E+01,   1.4000000000E+01,   1.4000000000E+01,   1.4000000000E+01,   1.4000000000E+01,   1.4000000000E+01,   1.4000000000E+01
h_rop,   1.0000000000E+03,   1.0000000000E+03,   1.0000000000E+03,   1.0000000000E+03,   1.0000000000E+03,   1.0000000000E+03,   1.0000000000E+03,   1.0000000000E+03,   1.0000000000E+03,   1.0000000000E+03,   1.0000000000E+03,   1.0000000000E+03,   1.0000000000E+03,   1.0000000000E+03,   1.0000000000E+03,   1.0000000000E+03,   1.0000000000E+03,   1.0000000000E+03,   1.0000000000E+03,   1.0000000000E+03,   1.0000000000E+03,   1.0000000000E+03,   1.0000000000E+03,   1.0000000000E+03,   1.0000000000E+03,   1.0000000000E+03,   1.0000000000E+03,   1.0000000000E+03,   1.0000000000E+03,   1.0000000000E+03,   1.0000000000E+03,   1.0000000000E+03,   1.0000000000E+03,   1.0000000000E+03
d,   1.0000000000E+00,   1.0000000000E+00,   1.0000000000E+00,   1.0000000000E+00,   1.0000000000E+00,   1.0000000000E+00,   1.0000000000E+00,   1.0000000000E+00,   1.0000000000E+00,   1.0000000000E+00,   1.0000000000E+00,   1.0000000000E+00,   1.0000000000E+00,   1.0000000000E+00,   1.0000000000E+00,   1.0000000000E+00,   1.0000000000E+00,   1.0000000000E+00,   1.0000000000E+00,   1.0000000000E+00,   1.0000000000E+00,   1.0000000000E+00,   1.0000000000E+00,   1.0000000000E+00,   1.0000000000E+00,   1.0000000000E+00,   1.0000000000E+00,   1.0000000000E+00,   1.0000000000E+00,   1.0000000000E+00,   1.0000000000E+00,   1.0000000000E+00,   1.0000000000E+00,   1.0000000000E+00
rop,   4.6465870800E+01,   4.6465870833E+01,   4.6465870964E+01,   4.6465871470E+01,   4.6465873350E+01,   4.6465879504E+01,   4.6465893562E+01,   4.6465905951E+01,   4.6465907545E+01,   4.6465907556E+01,   4.6465937633E+01,   4.6466016680E+01,   4.6466151228E+01,   4.6466337508E+01,   4.6466564521E+01,   4.6466817411E+01,   4.6467080582E+01,   4.6467340157E+01,   4.6467585593E+01,   4.6467810412E+01,   4.6468012167E+01,   4.6468763393E+01,   4.6469441374E+01,   4.6470610449E+01,   4.6471580354E+01,   4.6472377284E+01,   4.6473032835E+01,   4.6473572832E+01,   4.6474017990E+01,   4.6474385244E+01,   4.6474526851E+01,   4.6473164640E+01,   4.6471824631E+01,   4.6470756951E+01
rpm,   1.0000000000E+02,   1.0000000000E+02,   1.0000000000E+02,   1.0000000000E+02,   1.0000000000E+02,   1.0000000000E+02,   1.0000000000E+02,   1.0000000000E+02,   1.0000000000E+02,   1.0000000000E+02,   1.0000000000E+02,   1.0000000000E+02,   1.0000000000E+02,   1.0000000000E+02,   1.0000000000E+02,   1.0000000000E+02,   1.0000000000E+02,   1.0000000000E+02,   1.0000000000E+02,   1.0000000000E+02,   1.0000000000E+02,   1.0000000000E+02,   1.0000000000E+02,   1.0000000000E+02,   1.0000000000E+02,   1.0000000000E+02,   1.0000000000E+02,   1.0000000000E+02,   1.0000000000E+02,   1.0000000000E+02,   1.0000000000E+02,   1.0000000000E+02,   1.0000000000E+02,   1.0000000000E+02
ks,   3.5950000000E+04,   3.5950000000E+04,   3.5950000000E+04,   3.5950000000E+04,   3.5950000000E+04,   3.5950000000E+04,   3.5950000000E+04,   3.5950000000E+04,   3.5950000000E+04,   3.5950000000E+04,   3.5950000000E+04,   3.5950000000E+04,   3.5950000000E+04,   3.5950000000E+04,   3.5950000000E+04,   3.5950000000E+04,   3.5950000000E+04,   3.5950000000E+04,   3.5950000000E+04,   3.5950000000E+04,   3.5950000000E+04,   3.5950000000E+04,   3.5950000000E+04,   3.5950000000E+04,   3.5950000000E+04,   3.5950000000E+04,   3.5950000000E+04,   3.5950000000E+04,   3.5950000000E+04,   3.5950000000E+04,   3.5950000000E+04,   3.5950000000E+04,   3.5950000000E+04,   3.5950000000E+04
kb,   2.0402000000E+05,   2.0402000000E+05,   2.0402000000E+05,   2.0402000000E+05,   2.0402000000E+05,   2.0402000000E+05,   2.0402000000E+05,   2.0402000000E+05,   2.0402000000E+05,   2.0402000000E+05,   2.0402000000E+05,   2.0402000000E+05,   2.0402000000E+05,   2.0402000000E+05,   2.0402000000E+05,   2.0402000000E+05,   2.0402000000E+05,   2.0402000000E+05,   2.0402000000E+05,   2.0402000000E+05,   2.0402000000E+05,   2.0402000000E+05,   2.0402000000E+05,   2.0402000000E+05,   2.0402000000E+05,   2.0402000000E+05,   2.0402000000E+05,   2.0402000000E+05,   2.0402000000E+05,   2.0402000000E+05,   2.0402000000E+05,   2.0402000000E+05,   2.0402000000E+05,   2.0402000000E+05
js,   3.2021000000E+00,   3.2021000000E+00,   3.2021000000E+00,   3.2021000000E+00,   3.2021000000E+00,   3.2021000000E+00,   3.2021000000E+00,   3.2021000000E+00,   3.2021000000E+00,   3.2021000000E+00,   3.2021000000E+00,   3.2021000000E+00,   3.2021000000E+00,   3.2021000000E+00,   3.2021000000E+00,   3.2021000000E+00,   3.2021000000E+00,   3.2021000000E+00,   3.2021000000E+00,   3.2021000000E+00,   3.2021000000E+00,   3.2021000000E+00,   3.2021000000E+00,   3.2021000000E+00,   3.2021000000E+00,   3.2021000000E+00,   3.2021000000E+00,   3.2021000000E+00,   3.2021000000E+00,   3.2021000000E+00,   3.2021000000E+00,   3.2021000000E+00,   3.2021000000E+00,   3.2021000000E+00
jb,   1.5848000000E+01,   1.5848000000E+01,   1.5848000000E+01,   1.5848000000E+01,   1.5848000000E+01,   1.5848000000E+01,   1.5848000000E+01,   1.5848000000E+01,   1.5848000000E+01,   1.5848000000E+01,   1.5848000000E+01,   1.5848000000E+01,   1.5848000000E+01,   1.5848000000E+01,   1.5848000000E+01,   1.5848000000E+01,   1.5848000000E+01,   1.5848000000E+01,   1.5848000000E+01,   1.5848000000E+01,   1.5848000000E+01,   1.5848000000E+01,   1.5848000000E+01,   1.5848000000E+01,   1.5848000000E+01,   1.5848000000E+01,   1.5848000000E+01,   1.5848000000E+01,   1.5848000000E+01,   1.5848000000E+01,   1.5848000000E+01,   1.5848000000E+01,   1.5848000000E+01,   1.5848000000E+01
ds,   2.7100000000E-02,   2.7100000000E-02,   2.7100000000E-02,   2.7100000000E-02,   2.7100000000E-02,   2.7100000000E-02,   2.7100000000E-02,   2.7100000000E-02,   2.7100000000E-02,   2.7100000000E-02,   2.7100000000E-02,   2.7100000000E-02,   2.7100000000E-02,   2.7100000000E-02,   2.7100000000E-02,   2.7100000000E-02,   2.7100000000E-02,   2.7100000000E-02,   2.7100000000E-02,   2.7100000000E-02,   2.7100000000E-02,   2.7100000000E-02,   2.7100000000E-02,   2.7100000000E-02,   2.7100000000E-02,   2.7100000000E-02,   2.7100000000E-02,   2.7100000000E-02,   2.7100000000E-02,   2.7100000000E-02,   2.7100000000E-02,   2.7100000000E-02,   2.7100000000E-02,   2.7100000000E-02
db,   2.6600000000E-02,   2.6600000000E-02,   2.6600000000E-02,   2.6600000000E-02,   2.6600000000E-02,   2.6600000000E-02,   2.6600000000E-02,   2.6600000000E-02,   2.6600000000E-02,   2.6600000000E-02,   2.6600000000E-02,   2.6600000000E-02,   2.6600000000E-02,   2.6600000000E-02,   2.6600000000E-02,   2.6600000000E-02,   2.6600000000E-02,   2.6600000000E-02,   2.6600000000E-02,   2.6600000000E-02,   2.6600000000E-02,   2.6600000000E-02,   2.6600000000E-02,   2.6600000000E-02,   2.6600000000E-02,   2.6600000000E-02,   2.6600000000E-02,   2.6600000000E-02,   2.6600000000E-02,   2.6600000000E-02,   2.6600000000E-02,   2.6600000000E-02,   2.6600000000E-02,   2.6600000000E-02
v[1],   1.0000000000E+02,   1.0000000000E+02,   1.0000000000E+02,   1.0000000000E+02,   1.0000000000E+02,   1.0000000000E+02,   1.0000000000E+02,   1.0000000000E+02,   1.0000000000E+02,   1.0000000000E+02,   1.0000000000E+02,   1.0000000000E+02,   1.0000000000E+02,   1.0000000000E+02,   1.0000000000E+02,   1.0000000000E+02,   1.0000000000E+02,   1.0000000000E+02,   1.0000000000E+02,   1.0000000000E+02,   1.0000000000E+02,   1.0000000000E+02,   1.0000000000E+02,   1.0000000000E+02,   1.0000000000E+02,   1.0000000000E+02,   1.0000000000E+02,   1.0000000000E+02,   1.0000000000E+02,   1.0000000000E+02,   1.0000000000E+02,   1.0000000000E+02,   1.0000000000E+02,   1.0000000000E+02
v[2],   1.0000000000E+02,   1.0000000000E+02,   1.0000000000E+02,   1.0000000000E+02,   1.0000000000E+02,   1.0000000000E+02,   1.0000000000E+02,   1.0000000000E+02,   1.0000000000E+02,   1.0000000000E+02,   1.0000000000E+02,   1.0000000000E+02,   1.0000000000E+02,   1.0000000000E+02,   1.0000000000E+02,   1.0000000000E+02,   1.0000000000E+02,   1.0000000000E+02,   1.0000000000E+02,   1.0000000000E+02,   1.0000000000E+02,   1.0000000000E+02,   1.0000000000E+02,   1.0000000000E+02,   1.0000000000E+02,   1.0000000000E+02,   1.0000000000E+02,   1.0000000000E+02,   1.0000000000E+02,   1.0000000000E+02,   1.0000000000E+02,   1.0000000000E+02,   1.0000000000E+02,   1.0000000000E+02
v[3],   1.0000000000E+02,   1.0000000000E+02,   1.0000000000E+02,   1.0000000000E+02,   1.0000000000E+02,   1.0000000000E+02,   1.0000000000E+02,   1.0000000000E+02,   1.0000000000E+02,   1.0000000000E+02,   1.0000000000E+02,   1.0000000000E+02,   1.0000000000E+02,   1.0000000000E+02,   1.0000000000E+02,   1.0000000000E+02,   1.0000000000E+02,   1.0000000000E+02,   1.0000000000E+02,   1.0000000000E+02,   1.0000000000E+02,   1.0000000000E+02,   1.0000000000E+02,   1.0000000000E+02,   1.0000000000E+02,   1.0000000000E+02,   1.0000000000E+02,   1.0000000000E+02,   1.0000000000E+02,   1.0000000000E+02,   1.0000000000E+02,   1.0000000000E+02,   1.0000000000E+02,   1.0000000000E+02
v[4],   1.0000000000E+02,   1.0000000000E+02,   1.0000000000E+02,   1.0000000000E+02,   1.0000000000E+02,   1.0000000000E+02,   1.0000000000E+02,   1.0000000000E+02,   1.0000000000E+02,   1.0000000000E+02,   1.0000000000E+02,   1.0000000000E+02,   1.0000000000E+02,   1.0000000000E+02,   1.0000000000E+02,   1.0000000000E+02,   1.0000000000E+02,   1.0000000000E+02,   1.0000000000E+02,   1.0000000000E+02,   1.0000000000E+02,   1.0000000000E+02,   1.0000000000E+02,   1.0000000000E+02,   1.0000000000E+02,   1.0000000000E+02,   1.0000000000E+02,   1.0000000000E+02,   1.0000000000E+02,   1.0000000000E+02,   1.0000000000E+02,   1.0000000000E+02,   1.0000000000E+02,   1.0000000000E+02
drpm,   1.0000000000E+02,   1.0000000000E+02,   1.0000000000E+02,   1.0000000000E+02,   1.0000000000E+02,   1.0000000000E+02,   1.0000000000E+02,   1.0000000000E+02,   1.0000000000E+02,   1.0000000000E+02,   1.0000000000E+02,   1.0000000000E+02,   1.0000000000E+02,   1.0000000000E+02,   1.0000000000E+02,   1.0000000000E+02,   1.0000000000E+02,   1.0000000000E+02,   1.0000000000E+02,   1.0000000000E+02,   1.0000000000E+02,   1.0000000000E+02,   1.0000000000E+02,   1.0000000000E+02,   1.0000000000E+02,   1.0000000000E+02,   1.0000000000E+02,   1.0000000000E+02,   1.0000000000E+02,   1.0000000000E+02,   1.0000000000E+02,   1.0000000000E+02,   1.0000000000E+02,   1.0000000000E+02
d[1],   8.9719656200E-03,   8.9719656184E-03,   8.9719656179E-03,   8.9719656179E-03,   8.9719656179E-03,   8.9719656179E-03,   8.9719656179E-03,   8.9719656179E-03,   8.9719656179E-03,   8.9719656179E-03,   8.9719656179E-03,   8.9719656179E-03,   8.9719656179E-03,   8.9719656179E-03,   8.9719656179E-03,   8.9719656179E-03,   8.9719656179E-03,   8.9719656179E-03,   8.9719656179E-03,   8.9719656179E-03,   8.9719656179E-03,   8.9719656179E-03,   8.9719656179E-03,   8.9719656179E-03,   8.9719656179E-03,   8.9719656179E-03,   8.9719656179E-03,   8.9719656179E-03,   8.9719656179E-03,   8.9719656179E-03,   8.9719656179E-03,   8.9719656179E-03,   8.9719656179E-03,   8.9719656179E-03
d[2],   8.9719656200E-03,   8.9719656184E-03,   8.9719656180E-03,   8.9719656179E-03,   8.9719656179E-03,   8.9719656179E-03,   8.9719656179E-03,   8.9719656179E-03,   8.9719656179E-03,   8.9719656179E-03,   8.9719656179E-03,   8.9719656179E-03,   8.9719656179E-03,   8.9719656179E-03,   8.9719656179E-03,   8.9719656179E-03,   8.9719656179E-03,   8.9719656179E-03,   8.9719656179E-03,   8.9719656179E-03,   8.9719656179E-03,   8.9719656179E-03,   8.9719656179E-03,   8.9719656179E-03,   8.9719656179E-03,   8.9719656179E-03,   8.9719656179E-03,   8.9719656179E-03,   8.9719656179E-03,   8.9719656179E-03,   8.9719656179E-03,   8.9719656179E-03,   8.9719656179E-03,   8.9719656179E-03
d[3],   8.9719656200E-03,   8.9719656184E-03,   8.9719656180E-03,   8.9719656179E-03,   8.9719656179E-03,   8.9719656179E-03,   8.9719656179E-03,   8.9719656179E-03,   8.9719656179E-03,   8.9719656179E-03,   8.9719656179E-03,   8.9719656179E-03,   8.9719656179E-03,   8.9719656179E-03,   8.9719656179E-03,   8.9719656179E-03,   8.9719656179E-03,   8.9719656179E-03,   8.9719656179E-03,   8.9719656179E-03,   8.9719656179E-03,   8.9719656179E-03,   8.9719656179E-03,   8.9719656179E-03,   8.9719656179E-03,   8.9719656179E-03,   8.9719656179E-03,   8.9719656179E-03,   8.9719656179E-03,   8.9719656179E-03,   8.9719656179E-03,   8.9719656179E-03,   8.9719656179E-03,   8.9719656179E-03
d[4],   8.9719656200E-03,   8.9719656184E-03,   8.9719656180E-03,   8.9719656179E-03,   8.9719656179E-03,   8.9719656179E-03,   8.9719656179E-03,   8.9719656179E-03,   8.9719656179E-03,   8.9719656179E-03,   8.9719656179E-03,   8.9719656179E-03,   8.9719656179E-03,   8.9719656179E-03,   8.9719656179E-03,   8.9719656179E-03,   8.9719656179E-03,   8.9719656179E-03,   8.9719656179E-03,   8.9719656179E-03,   8.9719656179E-03,   8.9719656179E-03,   8.9719656179E-03,   8.9719656179E-03,   8.9719656179E-03,   8.9719656179E-03,   8.9719656179E-03,   8.9719656179E-03,   8.9719656179E-03,   8.9719656179E-03,   8.9719656179E-03,   8.9719656179E-03,   8.9719656179E-03,   8.9719656179E-03
wob_sp,   4.0000000000E+04,   4.0000000000E+04,   4.0000000000E+04,   4.0000000000E+04,   4.0000000000E+04,   4.0000000000E+04,   4.0000000000E+04,   4.0000000000E+04,   4.0000000000E+04,   4.0000000000E+04,   4.0000000000E+04,   4.0000000000E+04,   4.0000000000E+04,   4.0000000000E+04,   4.0000000000E+04,   4.0000000000E+04,   4.0000000000E+04,   4.0000000000E+04,   4.0000000000E+04,   4.0000000000E+04,   4.0000000000E+04,   4.0000000000E+04,   4.0000000000E+04,   4.0000000000E+04,   4.0000000000E+04,   4.0000000000E+04,   4.0000000000E+04,   4.0000000000E+04,   4.0000000000E+04,   4.0000000000E+04,   4.0000000000E+04,   4.0000000000E+04,   4.0000000000E+04,   4.0000000000E+04
wob,   2.8000000000E+04,   2.8000000000E+04,   2.8000000000E+04,   2.8000000000E+04,   2.8000000000E+04,   2.8000000000E+04,   2.8000000000E+04,   2.8000000000E+04,   2.8000000000E+04,   2.8000000000E+04,   2.8000000000E+04,   2.8000000000E+04,   2.8000000000E+04,   2.8000000000E+04,   2.8000000000E+04,   2.8000000000E+04,   2.8000000000E+04,   2.8000000000E+04,   2.8000000000E+04,   2.8000000000E+04,   2.8000000000E+04,   2.8000000000E+04,   2.8000000000E+04,   2.8000000000E+04,   2.8000000000E+04,   2.8000000000E+04,   2.8000000000E+04,   2.8000000000E+04,   2.8000000000E+04,   2.8000000000E+04,   2.8000000000E+04,   2.8000000000E+04,   2.8000000000E+04,   2.8000000000E+04
nu_d, 0.00              , 0.00              , 0.00              , 0.00              , 0.00              , 0.00              , 0.00              , 0.00              , 0.00              , 0.00              , 0.00              , 0.00              , 0.00              , 0.00              , 0.00              , 0.00              , 0.00              , 0.00              , 0.00              , 0.00              , 0.00              , 0.00              , 0.00              , 0.00              , 0.00              , 0.00              , 0.00              , 0.00              , 0.00              , 0.00              , 0.00              , 0.00              , 0.00              , 0.00              
f_d,   1.0000000000E+04,   1.0000000000E+04,   1.0000000000E+04,   1.0000000000E+04,   1.0000000000E+04,   1.0000000000E+04,   1.0000000000E+04,   1.0000000000E+04,   1.0000000000E+04,   1.0000000000E+04,   1.0000000000E+04,   1.0000000000E+04,   1.0000000000E+04,   1.0000000000E+04,   1.0000000000E+04,   1.0000000000E+04,   1.0000000000E+04,   1.0000000000E+04,   1.0000000000E+04,   1.0000000000E+04,   1.0000000000E+04,   1.0000000000E+04,   1.0000000000E+04,   1.0000000000E+04,   1.0000000000E+04,   1.0000000000E+04,   1.0000000000E+04,   1.0000000000E+04,   1.0000000000E+04,   1.0000000000E+04,   1.0000000000E+04,   1.0000000000E+04,   1.0000000000E+04,   1.0000000000E+04
ro_d,   1.2000000000E-02,   1.2000000000E-02,   1.2000000000E-02,   1.2000000000E-02,   1.2000000000E-02,   1.2000000000E-02,   1.2000000000E-02,   1.2000000000E-02,   1.2000000000E-02,   1.2000000000E-02,   1.2000000000E-02,   1.2000000000E-02,   1.2000000000E-02,   1.2000000000E-02,   1.2000000000E-02,   1.2000000000E-02,   1.2000000000E-02,   1.2000000000E-02,   1.2000000000E-02,   1.2000000000E-02,   1.2000000000E-02,   1.2000000000E-02,   1.2000000000E-02,   1.2000000000E-02,   1.2000000000E-02,   1.2000000000E-02,   1.2000000000E-02,   1.2000000000E-02,   1.2000000000E-02,   1.2000000000E-02,   1.2000000000E-02,   1.2000000000E-02,   1.2000000000E-02,   1.2000000000E-02
f_a_2,   1.0000000000E+04,   1.0000000000E+04,   1.0000000000E+04,   1.0000000000E+04,   1.0000000000E+04,   1.0000000000E+04,   1.0000000000E+04,   1.0000000000E+04,   1.0000000000E+04,   1.0000000000E+04,   1.0000000000E+04,   1.0000000000E+04,   1.0000000000E+04,   1.0000000000E+04,   1.0000000000E+04,   1.0000000000E+04,   1.0000000000E+04,   1.0000000000E+04,   1.0000000000E+04,   1.0000000000E+04,   1.0000000000E+04,   1.0000000000E+04,   1.0000000000E+04,   1.0000000000E+04,   1.0000000000E+04,   1.0000000000E+04,   1.0000000000E+04,   1.0000000000E+04,   1.0000000000E+04,   1.0000000000E+04,   1.0000000000E+04,   1.0000000000E+04,   1.0000000000E+04,   1.0000000000E+04
f_a_3,   1.0000000000E+04,   1.0000000000E+04,   1.0000000000E+04,   1.0000000000E+04,   1.0000000000E+04,   1.0000000000E+04,   1.0000000000E+04,   1.0000000000E+04,   1.0000000000E+04,   1.0000000000E+04,   1.0000000000E+04,   1.0000000000E+04,   1.0000000000E+04,   1.0000000000E+04,   1.0000000000E+04,   1.0000000000E+04,   1.0000000000E+04,   1.0000000000E+04,   1.0000000000E+04,   1.0000000000E+04,   1.0000000000E+04,   1.0000000000E+04,   1.0000000000E+04,   1.0000000000E+04,   1.0000000000E+04,   1.0000000000E+04,   1.0000000000E+04,   1.0000000000E+04,   1.0000000000E+04,   1.0000000000E+04,   1.0000000000E+04,   1.0000000000E+04,   1.0000000000E+04,   1.0000000000E+04
f_a_4,   1.0000000000E+04,   1.0000000000E+04,   1.0000000000E+04,   1.0000000000E+04,   1.0000000000E+04,   1.0000000000E+04,   1.0000000000E+04,   1.0000000000E+04,   1.0000000000E+04,   1.0000000000E+04,   1.0000000000E+04,   1.0000000000E+04,   1.0000000000E+04,   1.0000000000E+04,   1.0000000000E+04,   1.0000000000E+04,   1.0000000000E+04,   1.0000000000E+04,   1.0000000000E+04,   1.0000000000E+04,   1.0000000000E+04,   1.0000000000E+04,   1.0000000000E+04,   1.0000000000E+04,   1.0000000000E+04,   1.0000000000E+04,   1.0000000000E+04,   1.0000000000E+04,   1.0000000000E+04,   1.0000000000E+04,   1.0000000000E+04,   1.0000000000E+04,   1.0000000000E+04,   1.0000000000E+04
f_a_5,   1.0000000000E+04,   1.0000000000E+04,   1.0000000000E+04,   1.0000000000E+04,   1.0000000000E+04,   1.0000000000E+04,   1.0000000000E+04,   1.0000000000E+04,   1.0000000000E+04,   1.0000000000E+04,   1.0000000000E+04,   1.0000000000E+04,   1.0000000000E+04,   1.0000000000E+04,   1.0000000000E+04,   1.0000000000E+04,   1.0000000000E+04,   1.0000000000E+04,   1.0000000000E+04,   1.0000000000E+04,   1.0000000000E+04,   1.0000000000E+04,   1.0000000000E+04,   1.0000000000E+04,   1.0000000000E+04,   1.0000000000E+04,   1.0000000000E+04,   1.0000000000E+04,   1.0000000000E+04,   1.0000000000E+04,   1.0000000000E+04,   1.0000000000E+04,   1.0000000000E+04,   1.0000000000E+04
f_a_6,   1.0000000000E+04,   1.0000000000E+04,   1.0000000000E+04,   1.0000000000E+04,   1.0000000000E+04,   1.0000000000E+04,   1.0000000000E+04,   1.0000000000E+04,   1.0000000000E+04,   1.0000000000E+04,   1.0000000000E+04,   1.0000000000E+04,   1.0000000000E+04,   1.0000000000E+04,   1.0000000000E+04,   1.0000000000E+04,   1.0000000000E+04,   1.0000000000E+04,   1.0000000000E+04,   1.0000000000E+04,   1.0000000000E+04,   1.0000000000E+04,   1.0000000000E+04,   1.0000000000E+04,   1.0000000000E+04,   1.0000000000E+04,   1.0000000000E+04,   1.0000000000E+04,   1.0000000000E+04,   1.0000000000E+04,   1.0000000000E+04,   1.0000000000E+04,   1.0000000000E+04,   1.0000000000E+04
f_a_7,   1.0000000000E+04,   1.0000000000E+04,   1.0000000000E+04,   1.0000000000E+04,   1.0000000000E+04,   1.0000000000E+04,   1.0000000000E+04,   1.0000000000E+04,   1.0000000000E+04,   1.0000000000E+04,   1.0000000000E+04,   1.0000000000E+04,   1.0000000000E+04,   1.0000000000E+04,   1.0000000000E+04,   1.0000000000E+04,   1.0000000000E+04,   1.0000000000E+04,   1.0000000000E+04,   1.0000000000E+04,   1.0000000000E+04,   1.0000000000E+04,   1.0000000000E+04,   1.0000000000E+04,   1.0000000000E+04,   1.0000000000E+04,   1.0000000000E+04,   1.0000000000E+04,   1.0000000000E+04,   1.0000000000E+04,   1.0000000000E+04,   1.0000000000E+04,   1.0000000000E+04,   1.0000000000E+04
f_a_8,   1.0000000000E+04,   1.0000000000E+04,   1.0000000000E+04,   1.0000000000E+04,   1.0000000000E+04,   1.0000000000E+04,   1.0000000000E+04,   1.0000000000E+04,   1.0000000000E+04,   1.0000000000E+04,   1.0000000000E+04,   1.0000000000E+04,   1.0000000000E+04,   1.0000000000E+04,   1.0000000000E+04,   1.0000000000E+04,   1.0000000000E+04,   1.0000000000E+04,   1.0000000000E+04,   1.0000000000E+04,   1.0000000000E+04,   1.0000000000E+04,   1.0000000000E+04,   1.0000000000E+04,   1.0000000000E+04,   1.0000000000E+04,   1.0000000000E+04,   1.0000000000E+04,   1.0000000000E+04,   1.0000000000E+04,   1.0000000000E+04,   1.0000000000E+04,   1.0000000000E+04,   1.0000000000E+04
f_a_9,   1.0000000000E+04,   1.0000000000E+04,   1.0000000000E+04,   1.0000000000E+04,   1.0000000000E+04,   1.0000000000E+04,   1.0000000000E+04,   1.0000000000E+04,   1.0000000000E+04,   1.0000000000E+04,   1.0000000000E+04,   1.0000000000E+04,   1.0000000000E+04,   1.0000000000E+04,   1.0000000000E+04,   1.0000000000E+04,   1.0000000000E+04,   1.0000000000E+04,   1.0000000000E+04,   1.0000000000E+04,   1.0000000000E+04,   1.0000000000E+04,   1.0000000000E+04,   1.0000000000E+04,   1.0000000000E+04,   1.0000000000E+04,   1.0000000000E+04,   1.0000000000E+04,   1.0000000000E+04,   1.0000000000E+04,   1.0000000000E+04,   1.0000000000E+04,   1.0000000000E+04,   1.0000000000E+04
f_a_10,   1.0000000000E+04,   1.0000000000E+04,   1.0000000000E+04,   1.0000000000E+04,   1.0000000000E+04,   1.0000000000E+04,   1.0000000000E+04,   1.0000000000E+04,   1.0000000000E+04,   1.0000000000E+04,   1.0000000000E+04,   1.0000000000E+04,   1.0000000000E+04,   1.0000000000E+04,   1.0000000000E+04,   1.0000000000E+04,   1.0000000000E+04,   1.0000000000E+04,   1.0000000000E+04,   1.0000000000E+04,   1.0000000000E+04,   1.0000000000E+04,   1.0000000000E+04,   1.0000000000E+04,   1.0000000000E+04,   1.0000000000E+04,   1.0000000000E+04,   1.0000000000E+04,   1.0000000000E+04,   1.0000000000E+04,   1.0000000000E+04,   1.0000000000E+04,   1.0000000000E+04,   1.0000000000E+04
ro_a_1,   1.4000000000E-02,   1.4000000000E-02,   1.4000000000E-02,   1.4000000000E-02,   1.4000000000E-02,   1.4000000000E-02,   1.4000000000E-02,   1.4000000000E-02,   1.4000000000E-02,   1.4000000000E-02,   1.4000000000E-02,   1.4000000000E-02,   1.4000000000E-02,   1.4000000000E-02,   1.4000000000E-02,   1.4000000000E-02,   1.4000000000E-02,   1.4000000000E-02,   1.4000000000E-02,   1.4000000000E-02,   1.4000000000E-02,   1.4000000000E-02,   1.4000000000E-02,   1.4000000000E-02,   1.4000000000E-02,   1.4000000000E-02,   1.4000000000E-02,   1.4000000000E-02,   1.4000000000E-02,   1.4000000000E-02,   1.4000000000E-02,   1.4000000000E-02,   1.4000000000E-02,   1.4000000000E-02
ro_a_2,   5.0000000000E-03,   5.0000000000E-03,   5.0000000000E-03,   5.0000000000E-03,   5.0000000000E-03,   5.0000000000E-03,   5.0000000000E-03,   5.0000000000E-03,   5.0000000000E-03,   5.0000000000E-03,   5.0000000000E-03,   5.0000000000E-03,   5.0000000000E-03,   5.0000000000E-03,   5.0000000000E-03,   5.0000000000E-03,   5.0000000000E-03,   5.0000000000E-03,   5.0000000000E-03,   5.0000000000E-03,   5.0000000000E-03,   5.0000000000E-03,   5.0000000000E-03,   5.0000000000E-03,   5.0000000000E-03,   5.0000000000E-03,   5.0000000000E-03,   5.0000000000E-03,   5.0000000000E-03,   5.0000000000E-03,   5.0000000000E-03,   5.0000000000E-03,   5.0000000000E-03,   5.0000000000E-03
ro_a_3,   5.0000000000E-03,   5.0000000000E-03,   5.0000000000E-03,   5.0000000000E-03,   5.0000000000E-03,   5.0000000000E-03,   5.0000000000E-03,   5.0000000000E-03,   5.0000000000E-03,   5.0000000000E-03,   5.0000000000E-03,   5.0000000000E-03,   5.0000000000E-03,   5.0000000000E-03,   5.0000000000E-03,   5.0000000000E-03,   5.0000000000E-03,   5.0000000000E-03,   5.0000000000E-03,   5.0000000000E-03,   5.0000000000E-03,   5.0000000000E-03,   5.0000000000E-03,   5.0000000000E-03,   5.0000000000E-03,   5.0000000000E-03,   5.0000000000E-03,   5.0000000000E-03,   5.0000000000E-03,   5.0000000000E-03,   5.0000000000E-03,   5.0000000000E-03,   5.0000000000E-03,   5.0000000000E-03
ro_a_4,   5.0000000000E-03,   5.0000000000E-03,   5.0000000000E-03,   5.0000000000E-03,   5.0000000000E-03,   5.0000000000E-03,   5.0000000000E-03,   5.0000000000E-03,   5.0000000000E-03,   5.0000000000E-03,   5.0000000000E-03,   5.0000000000E-03,   5.0000000000E-03,   5.0000000000E-03,   5.0000000000E-03,   5.0000000000E-03,   5.0000000000E-03,   5.0000000000E-03,   5.0000000000E-03,   5.0000000000E-03,   5.0000000000E-03,   5.0000000000E-03,   5.0000000000E-03,   5.0000000000E-03,   5.0000000000E-03,   5.0000000000E-03,   5.0000000000E-03,   5.0000000000E-03,   5.0000000000E-03,   5.0000000000E-03,   5.0000000000E-03,   5.0000000000E-03,   5.0000000000E-03,   5.0000000000E-03
ro_a_5,   5.0000000000E-03,   5.0000000000E-03,   5.0000000000E-03,   5.0000000000E-03,   5.0000000000E-03,   5.0000000000E-03,   5.0000000000E-03,   5.0000000000E-03,   5.0000000000E-03,   5.0000000000E-03,   5.0000000000E-03,   5.0000000000E-03,   5.0000000000E-03,   5.0000000000E-03,   5.0000000000E-03,   5.0000000000E-03,   5.0000000000E-03,   5.0000000000E-03,   5.0000000000E-03,   5.0000000000E-03,   5.0000000000E-03,   5.0000000000E-03,   5.0000000000E-03,   5.0000000000E-03,   5.0000000000E-03,   5.0000000000E-03,   5.0000000000E-03,   5.0000000000E-03,   5.0000000000E-03,   5.0000000000E-03,   5.0000000000E-03,   5.0000000000E-03,   5.0000000000E-03,   5.0000000000E-03
ro_a_6,   5.0000000000E-03,   5.0000000000E-03,   5.0000000000E-03,   5.0000000000E-03,   5.0000000000E-03,   5.0000000000E-03,   5.0000000000E-03,   5.0000000000E-03,   5.0000000000E-03,   5.0000000000E-03,   5.0000000000E-03,   5.0000000000E-03,   5.0000000000E-03,   5.0000000000E-03,   5.0000000000E-03,   5.0000000000E-03,   5.0000000000E-03,   5.0000000000E-03,   5.0000000000E-03,   5.0000000000E-03,   5.0000000000E-03,   5.0000000000E-03,   5.0000000000E-03,   5.0000000000E-03,   5.0000000000E-03,   5.0000000000E-03,   5.0000000000E-03,   5.0000000000E-03,   5.0000000000E-03,   5.0000000000E-03,   5.0000000000E-03,   5.0000000000E-03,   5.0000000000E-03,   5.0000000000E-03
ro_a_7,   5.0000000000E-03,   5.0000000000E-03,   5.0000000000E-03,   5.0000000000E-03,   5.0000000000E-03,   5.0000000000E-03,   5.0000000000E-03,   5.0000000000E-03,   5.0000000000E-03,   5.0000000000E-03,   5.0000000000E-03,   5.0000000000E-03,   5.0000000000E-03,   5.0000000000E-03,   5.0000000000E-03,   5.0000000000E-03,   5.0000000000E-03,   5.0000000000E-03,   5.0000000000E-03,   5.0000000000E-03,   5.0000000000E-03,   5.0000000000E-03,   5.0000000000E-03,   5.0000000000E-03,   5.0000000000E-03,   5.0000000000E-03,   5.0000000000E-03,   5.0000000000E-03,   5.0000000000E-03,   5.0000000000E-03,   5.0000000000E-03,   5.0000000000E-03,   5.0000000000E-03,   5.0000000000E-03
ro_a_8,   5.0000000000E-03,   5.0000000000E-03,   5.0000000000E-03,   5.0000000000E-03,   5.0000000000E-03,   5.0000000000E-03,   5.0000000000E-03,   5.0000000000E-03,   5.0000000000E-03,   5.0000000000E-03,   5.0000000000E-03,   5.0000000000E-03,   5.0000000000E-03,   5.0000000000E-03,   5.0000000000E-03,   5.0000000000E-03,   5.0000000000E-03,   5.0000000000E-03,   5.0000000000E-03,   5.0000000000E-03,   5.0000000000E-03,   5.0000000000E-03,   5.0000000000E-03,   5.0000000000E-03,   5.0000000000E-03,   5.0000000000E-03,   5.0000000000E-03,   5.0000000000E-03,   5.0000000000E-03,   5.0000000000E-03,   5.0000000000E-03,   5.0000000000E-03,   5.0000000000E-03,   5.0000000000E-03
ro_a_9,   5.0000000000E-03,   5.0000000000E-03,   5.0000000000E-03,   5.0000000000E-03,   5.0000000000E-03,   5.0000000000E-03,   5.0000000000E-03,   5.0000000000E-03,   5.0000000000E-03,   5.0000000000E-03,   5.0000000000E-03,   5.0000000000E-03,   5.0000000000E-03,   5.0000000000E-03,   5.0000000000E-03,   5.0000000000E-03,   5.0000000000E-03,   5.0000000000E-03,   5.0000000000E-03,   5.0000000000E-03,   5.0000000000E-03,   5.0000000000E-03,   5.0000000000E-03,   5.0000000000E-03,   5.0000000000E-03,   5.0000000000E-03,   5.0000000000E-03,   5.0000000000E-03,   5.0000000000E-03,   5.0000000000E-03,   5.0000000000E-03,   5.0000000000E-03,   5.0000000000E-03,   5.0000000000E-03
ro_a_10,   5.0000000000E-03,   5.0000000000E-03,   5.0000000000E-03,   5.0000000000E-03,   5.0000000000E-03,   5.0000000000E-03,   5.0000000000E-03,   5.0000000000E-03,   5.0000000000E-03,   5.0000000000E-03,   5.0000000000E-03,   5.0000000000E-03,   5.0000000000E-03,   5.0000000000E-03,   5.0000000000E-03,   5.0000000000E-03,   5.0000000000E-03,   5.0000000000E-03,   5.0000000000E-03,   5.0000000000E-03,   5.0000000000E-03,   5.0000000000E-03,   5.0000000000E-03,   5.0000000000E-03,   5.0000000000E-03,   5.0000000000E-03,   5.0000000000E-03,   5.0000000000E-03,   5.0000000000E-03,   5.0000000000E-03,   5.0000000000E-03,   5.0000000000E-03,   5.0000000000E-03,   5.0000000000E-03
q_p,   2.4000000000E-02,   2.4000000000E-02,   2.4000000000E-02,   2.4000000000E-02,   2.4000000000E-02,   2.4000000000E-02,   2.4000000000E-02,   2.4000000000E-02,   2.4000000000E-02,   2.4000000000E-02,   2.4000000000E-02,   2.4000000000E-02,   2.4000000000E-02,   2.4000000000E-02,   2.4000000000E-02,   2.4000000000E-02,   2.4000000000E-02,   2.4000000000E-02,   2.4000000000E-02,   2.4000000000E-02,   2.4000000000E-02,   2.4000000000E-02,   2.4000000000E-02,   2.4000000000E-02,   2.4000000000E-02,   2.4000000000E-02,   2.4000000000E-02,   2.4000000000E-02,   2.4000000000E-02,   2.4000000000E-02,   2.4000000000E-02,   2.4000000000E-02,   2.4000000000E-02,   2.4000000000E-02
z_choke,   3.0000000000E-01,   3.0000000000E-01,   3.0000000000E-01,   3.0000000000E-01,   3.0000000000E-01,   3.0000000000E-01,   3.0000000000E-01,   3.0000000000E-01,   3.0000000000E-01,   3.0000000000E-01,   3.0000000000E-01,   3.0000000000E-01,   3.0000000000E-01,   3.0000000000E-01,   3.0000000000E-01,   3.0000000000E-01,   3.0000000000E-01,   3.0000000000E-01,   3.0000000000E-01,   3.0000000000E-01,   3.0000000000E-01,   3.0000000000E-01,   3.0000000000E-01,   3.0000000000E-01,   3.0000000000E-01,   3.0000000000E-01,   3.0000000000E-01,   3.0000000000E-01,   3.0000000000E-01,   3.0000000000E-01,   3.0000000000E-01,   3.0000000000E-01,   3.0000000000E-01,   3.0000000000E-01
n,   1.0000000000E+00,   1.0000000000E+00,   1.0000000000E+00,   1.0000000000E+00,   1.0000000000E+00,   1.0000000000E+00,   1.0000000000E+00,   1.0000000000E+00,   1.0000000000E+00,   1.0000000000E+00,   1.0000000000E+00,   1.0000000000E+00,   1.0000000000E+00,   1.0000000000E+00,   1.0000000000E+00,   1.0000000000E+00,   1.0000000000E+00,   1.0000000000E+00,   1.0000000000E+00,   1.0000000000E+00,   1.0000000000E+00,   1.0000000000E+00,   1.0000000000E+00,   1.0000000000E+00,   1.0000000000E+00,   1.0000000000E+00,   1.0000000000E+00,   1.0000000000E+00,   1.0000000000E+00,   1.0000000000E+00,   1.0000000000E+00,   1.0000000000E+00,   1.0000000000E+00,   1.0000000000E+00
h_bit,   2.0000000000E+03,   2.0000000000E+03,   2.0000000000E+03,   2.0000000000E+03,   2.0000000000E+03,   2.0000000000E+03,   2.0000000000E+03,   2.0000000000E+03,   2.0000000000E+03,   2.0000000000E+03,   2.0000000000E+03,   2.0000000000E+03,   2.0000000000E+03,   2.0000000000E+03,   2.0000000000E+03,   2.0000000000E+03,   2.0000000000E+03,   2.0000000000E+03,   2.0000000000E+03,   2.0000000000E+03,   2.0000000000E+03,   2.0000000000E+03,   2.0000000000E+03,   2.0000000000E+03,   2.0000000000E+03,   2.0000000000E+03,   2.0000000000E+03,   2.0000000000E+03,   2.0000000000E+03,   2.0000000000E+03,   2.0000000000E+03,   2.0000000000E+03,   2.0000000000E+03,   2.0000000000E+03
p_res,   3.5000000000E+02,   3.5000000000E+02,   3.5000000000E+02,   3.5000000000E+02,   3.5000000000E+02,   3.5000000000E+02,   3.5000000000E+02,   3.5000000000E+02,   3.5000000000E+02,   3.5000000000E+02,   3.5100000000E+02,   3.5200000000E+02,   3.5300000000E+02,   3.5400000000E+02,   3.5500000000E+02,   3.5600000000E+02,   3.5700000000E+02,   3.5800000000E+02,   3.5900000000E+02,   3.6000000000E+02,   3.6100000000E+02,   3.6600000000E+02,   3.7100000000E+02,   3.8100000000E+02,   3.9100000000E+02,   4.0100000000E+02,   4.1100000000E+02,   4.2100000000E+02,   4.3100000000E+02,   4.4100000000E+02,   4.5000000000E+02,   4.5000000000E+02,   4.5000000000E+02,   4.5000000000E+02
q_bit,   2.4000000000E-02,   2.3999999701E-02,   2.3999999114E-02,   2.3999996838E-02,   2.3999988380E-02,   2.3999960689E-02,   2.3999897441E-02,   2.3999841703E-02,   2.3999834532E-02,   2.3999834479E-02,   2.3999699161E-02,   2.3999343514E-02,   2.3998738148E-02,   2.3997900004E-02,   2.3996878553E-02,   2.3995740617E-02,   2.3994556366E-02,   2.3993388243E-02,   2.3992283703E-02,   2.3991271904E-02,   2.3990363871E-02,   2.3986982789E-02,   2.3983930788E-02,   2.3978667679E-02,   2.3974300006E-02,   2.3970710759E-02,   2.3967757923E-02,   2.3965325351E-02,   2.3963319855E-02,   2.3961665220E-02,   2.3961027156E-02,   2.3967164737E-02,   2.3973200228E-02,   2.3978007938E-02
p_p,   1.4344819100E+02,   1.4344819101E+02,   1.4344819104E+02,   1.4344819125E+02,   1.4344819280E+02,   1.4344820328E+02,   1.4344825798E+02,   1.4344845849E+02,   1.4344851365E+02,   1.4344856882E+02,   1.4344866910E+02,   1.4344888793E+02,   1.4344930855E+02,   1.4345000854E+02,   1.4345104903E+02,   1.4345246882E+02,   1.4345428336E+02,   1.4345648728E+02,   1.4345905938E+02,   1.4346196875E+02,   1.4346518079E+02,   1.4348687614E+02,   1.4351365816E+02,   1.4358476590E+02,   1.4367043255E+02,   1.4376806335E+02,   1.4387553694E+02,   1.4399111910E+02,   1.4411338625E+02,   1.4424116885E+02,   1.4437107833E+02,   1.4448052921E+02,   1.4456986178E+02,   1.4464316866E+02
p_c,   9.3932750000E+01,   9.3932760406E+01,   9.3932770747E+01,   9.3932791100E+01,   9.3932830000E+01,   9.3932898046E+01,   9.3932993753E+01,   9.3933128216E+01,   9.3933159833E+01,   9.3933190112E+01,   9.3933814736E+01,   9.3934938541E+01,   9.3936460962E+01,   9.3938291042E+01,   9.3940357419E+01,   9.3942613039E+01,   9.3945035211E+01,   9.3947622123E+01,   9.3950387183E+01,   9.3953352545E+01,   9.3956542959E+01,   9.3978698690E+01,   9.4006398068E+01,   9.4079190530E+01,   9.4166185596E+01,   9.4264892940E+01,   9.4373253442E+01,   9.4489567560E+01,   9.4612438737E+01,   9.4740720171E+01,   9.4870513541E+01,   9.4975287199E+01,   9.5062387239E+01,   9.5134316494E+01
f_a_1,   2.7997527100E+02,   2.7997527131E+02,   2.7997527131E+02,   2.7997527131E+02,   2.7997527131E+02,   2.7997527131E+02,   2.7997527131E+02,   2.7997527131E+02,   2.7997527131E+02,   2.7997527131E+02,   2.7997527131E+02,   2.7997527131E+02,   2.7997527131E+02,   2.7997527131E+02,   2.7997527131E+02,   2.7997527131E+02,   2.7997527131E+02,   2.7997527131E+02,   2.7997527131E+02,   2.7997527131E+02,   2.7997527131E+02,   2.7997527131E+02,   2.7997527131E+02,   2.7997527131E+02,   2.7997527131E+02,   2.7997527131E+02,   2.7997527131E+02,   2.7997527131E+02,   2.7997527131E+02,   2.7997527131E+02,   2.7997527131E+02,   2.7997527131E+02,   2.7997527131E+02,   2.7997527131E+02
p_a_1,   3.7312819100E+02,   3.7312820147E+02,   3.7312821159E+02,   3.7312823109E+02,   3.7312826680E+02,   3.7312832443E+02,   3.7312839634E+02,   3.7312850983E+02,   3.7312853875E+02,   3.7312856900E+02,   3.7312914271E+02,   3.7313013269E+02,   3.7313142733E+02,   3.7313294205E+02,   3.7313462410E+02,   3.7313645160E+02,   3.7313842824E+02,   3.7314057571E+02,   3.7314292527E+02,   3.7314551004E+02,   3.7314835891E+02,   3.7316924290E+02,   3.7319579456E+02,   3.7326660799E+02,   3.7335196123E+02,   3.7344931959E+02,   3.7355657043E+02,   3.7367197050E+02,   3.7379408818E+02,   3.7392174797E+02,   3.7405130166E+02,   3.7415838106E+02,   3.7424774936E+02,   3.7432148596E+02
p_a_2,   9.3932750000E+01,   9.3932760406E+01,   9.3932770747E+01,   9.3932791100E+01,   9.3932830000E+01,   9.3932898046E+01,   9.3932993753E+01,   9.3933128216E+01,   9.3933159833E+01,   9.3933190112E+01,   9.3933814736E+01,   9.3934938541E+01,   9.3936460962E+01,   9.3938291042E+01,   9.3940357419E+01,   9.3942613039E+01,   9.3945035211E+01,   9.3947622123E+01,   9.3950387183E+01,   9.3953352545E+01,   9.3956542959E+01,   9.3978698690E+01,   9.4006398068E+01,   9.4079190530E+01,   9.4166185596E+01,   9.4264892940E+01,   9.4373253442E+01,   9.4489567560E+01,   9.4612438737E+01,   9.4740720171E+01,   9.4870513541E+01,   9.4975287199E+01,   9.5062387239E+01,   9.5134316494E+01
p_a_3,   9.3932750000E+01,   9.3932760406E+01,   9.3932770747E+01,   9.3932791100E+01,   9.3932830000E+01,   9.3932898046E+01,   9.3932993753E+01,   9.3933128216E+01,   9.3933159833E+01,   9.3933190112E+01,   9.3933814736E+01,   9.3934938541E+01,   9.3936460962E+01,   9.3938291042E+01,   9.3940357419E+01,   9.3942613039E+01,   9.3945035211E+01,   9.3947622123E+01,   9.3950387183E+01,   9.3953352545E+01,   9.3956542959E+01,   9.3978698690E+01,   9.4006398068E+01,   9.4079190530E+01,   9.4166185596E+01,   9.4264892940E+01,   9.4373253442E+01,   9.4489567560E+01,   9.4612438737E+01,   9.4740720171E+01,   9.4870513541E+01,   9.4975287199E+01,   9.5062387239E+01,   9.5134316494E+01
p_a_4,   9.3932750000E+01,   9.3932760406E+01,   9.3932770747E+01,   9.3932791100E+01,   9.3932830000E+01,   9.3932898046E+01,   9.3932993753E+01,   9.3933128216E+01,   9.3933159833E+01,   9.3933190112E+01,   9.3933814736E+01,   9.3934938541E+01,   9.3936460962E+01,   9.3938291042E+01,   9.3940357419E+01,   9.3942613039E+01,   9.3945035211E+01,   9.3947622123E+01,   9.3950387183E+01,   9.3953352545E+01,   9.3956542959E+01,   9.3978698690E+01,   9.4006398068E+01,   9.4079190530E+01,   9.4166185596E+01,   9.4264892940E+01,   9.4373253442E+01,   9.4489567560E+01,   9.4612438737E+01,   9.4740720171E+01,   9.4870513541E+01,   9.4975287199E+01,   9.5062387239E+01,   9.5134316494E+01
p_a_5,   9.3932750000E+01,   9.3932760406E+01,   9.3932770747E+01,   9.3932791100E+01,   9.3932830000E+01,   9.3932898046E+01,   9.3932993753E+01,   9.3933128216E+01,   9.3933159833E+01,   9.3933190112E+01,   9.3933814736E+01,   9.3934938541E+01,   9.3936460962E+01,   9.3938291042E+01,   9.3940357419E+01,   9.3942613039E+01,   9.3945035211E+01,   9.3947622123E+01,   9.3950387183E+01,   9.3953352545E+01,   9.3956542959E+01,   9.3978698690E+01,   9.4006398068E+01,   9.4079190530E+01,   9.4166185596E+01,   9.4264892940E+01,   9.4373253442E+01,   9.4489567560E+01,   9.4612438737E+01,   9.4740720171E+01,   9.4870513541E+01,   9.4975287199E+01,   9.5062387239E+01,   9.5134316494E+01
p_a_6,   9.3932750000E+01,   9.3932760406E+01,   9.3932770747E+01,   9.3932791100E+01,   9.3932830000E+01,   9.3932898046E+01,   9.3932993753E+01,   9.3933128216E+01,   9.3933159833E+01,   9.3933190112E+01,   9.3933814736E+01,   9.3934938541E+01,   9.3936460962E+01,   9.3938291042E+01,   9.3940357419E+01,   9.3942613039E+01,   9.3945035211E+01,   9.3947622123E+01,   9.3950387183E+01,   9.3953352545E+01,   9.3956542959E+01,   9.3978698690E+01,   9.4006398068E+01,   9.4079190530E+01,   9.4166185596E+01,   9.4264892940E+01,   9.4373253442E+01,   9.4489567560E+01,   9.4612438737E+01,   9.4740720171E+01,   9.4870513541E+01,   9.4975287199E+01,   9.5062387239E+01,   9.5134316494E+01
p_a_7,   9.3932750000E+01,   9.3932760406E+01,   9.3932770747E+01,   9.3932791100E+01,   9.3932830000E+01,   9.3932898046E+01,   9.3932993753E+01,   9.3933128216E+01,   9.3933159833E+01,   9.3933190112E+01,   9.3933814736E+01,   9.3934938541E+01,   9.3936460962E+01,   9.3938291042E+01,   9.3940357419E+01,   9.3942613039E+01,   9.3945035211E+01,   9.3947622123E+01,   9.3950387183E+01,   9.3953352545E+01,   9.3956542959E+01,   9.3978698690E+01,   9.4006398068E+01,   9.4079190530E+01,   9.4166185596E+01,   9.4264892940E+01,   9.4373253442E+01,   9.4489567560E+01,   9.4612438737E+01,   9.4740720171E+01,   9.4870513541E+01,   9.4975287199E+01,   9.5062387239E+01,   9.5134316494E+01
p_a_8,   9.3932750000E+01,   9.3932760406E+01,   9.3932770747E+01,   9.3932791100E+01,   9.3932830000E+01,   9.3932898046E+01,   9.3932993753E+01,   9.3933128216E+01,   9.3933159833E+01,   9.3933190112E+01,   9.3933814736E+01,   9.3934938541E+01,   9.3936460962E+01,   9.3938291042E+01,   9.3940357419E+01,   9.3942613039E+01,   9.3945035211E+01,   9.3947622123E+01,   9.3950387183E+01,   9.3953352545E+01,   9.3956542959E+01,   9.3978698690E+01,   9.4006398068E+01,   9.4079190530E+01,   9.4166185596E+01,   9.4264892940E+01,   9.4373253442E+01,   9.4489567560E+01,   9.4612438737E+01,   9.4740720171E+01,   9.4870513541E+01,   9.4975287199E+01,   9.5062387239E+01,   9.5134316494E+01
p_a_9,   9.3932750000E+01,   9.3932760406E+01,   9.3932770747E+01,   9.3932791100E+01,   9.3932830000E+01,   9.3932898046E+01,   9.3932993753E+01,   9.3933128216E+01,   9.3933159833E+01,   9.3933190112E+01,   9.3933814736E+01,   9.3934938541E+01,   9.3936460962E+01,   9.3938291042E+01,   9.3940357419E+01,   9.3942613039E+01,   9.3945035211E+01,   9.3947622123E+01,   9.3950387183E+01,   9.3953352545E+01,   9.3956542959E+01,   9.3978698690E+01,   9.4006398068E+01,   9.4079190530E+01,   9.4166185596E+01,   9.4264892940E+01,   9.4373253442E+01,   9.4489567560E+01,   9.4612438737E+01,   9.4740720171E+01,   9.4870513541E+01,   9.4975287199E+01,   9.5062387239E+01,   9.5134316494E+01
p_a_10,   9.3932750000E+01,   9.3932760406E+01,   9.3932770747E+01,   9.3932791100E+01,   9.3932830000E+01,   9.3932898046E+01,   9.3932993753E+01,   9.3933128216E+01,   9.3933159833E+01,   9.3933190112E+01,   9.3933814736E+01,   9.3934938541E+01,   9.3936460962E+01,   9.3938291042E+01,   9.3940357419E+01,   9.3942613039E+01,   9.3945035211E+01,   9.3947622123E+01,   9.3950387183E+01,   9.3953352545E+01,   9.3956542959E+01,   9.3978698690E+01,   9.4006398068E+01,   9.4079190530E+01,   9.4166185596E+01,   9.4264892940E+01,   9.4373253442E+01,   9.4489567560E+01,   9.4612438737E+01,   9.4740720171E+01,   9.4870513541E+01,   9.4975287199E+01,   9.5062387239E+01,   9.5134316494E+01
q_choke,   2.3953743600E-02,   2.3953431127E-02,   2.3953432459E-02,   2.3953435082E-02,   2.3953440096E-02,   2.3953448865E-02,   2.3953461199E-02,   2.3953478528E-02,   2.3953482603E-02,   2.3953486505E-02,   2.3953567003E-02,   2.3953711833E-02,   2.3953908032E-02,   2.3954143878E-02,   2.3954410174E-02,   2.3954700854E-02,   2.3955012993E-02,   2.3955346357E-02,   2.3955702674E-02,   2.3956084796E-02,   2.3956495912E-02,   2.3959350865E-02,   2.3962919572E-02,   2.3972296725E-02,   2.3983497563E-02,   2.3996199916E-02,   2.4010136632E-02,   2.4025087175E-02,   2.4040870326E-02,   2.4057337294E-02,   2.4073986541E-02,   2.4087415878E-02,   2.4098574718E-02,   2.4107786189E-02
p_bit,   3.7312819100E+02,   3.7312820147E+02,   3.7312821159E+02,   3.7312823109E+02,   3.7312826680E+02,   3.7312832443E+02,   3.7312839634E+02,   3.7312850983E+02,   3.7312853875E+02,   3.7312856900E+02,   3.7312914271E+02,   3.7313013269E+02,   3.7313142733E+02,   3.7313294205E+02,   3.7313462410E+02,   3.7313645160E+02,   3.7313842824E+02,   3.7314057571E+02,   3.7314292527E+02,   3.7314551004E+02,   3.7314835891E+02,   3.7316924290E+02,   3.7319579456E+02,   3.7326660799E+02,   3.7335196123E+02,   3.7344931959E+02,   3.7355657043E+02,   3.7367197050E+02,   3.7379408818E+02,   3.7392174797E+02,   3.7405130166E+02,   3.7415838106E+02,   3.7424774936E+02,   3.7432148596E+02
q_x,  -4.6256382400E-03,  -4.6256402938E-03,  -4.6256423178E-03,  -4.6256462171E-03,  -4.6256533606E-03,  -4.6256648860E-03,  -4.6256792673E-03,  -4.6257019654E-03,  -4.6257077491E-03,  -4.6257138009E-03,  -4.4258285421E-03,  -4.2260265385E-03,  -4.0262854657E-03,  -3.8265884092E-03,  -3.6269248208E-03,  -3.4272903195E-03,  -3.2276856482E-03,  -3.0281151428E-03,  -2.8285850550E-03,  -2.6291020086E-03,  -2.4296717816E-03,  -1.4338485800E-03,  -4.3915891264E-04,   1.5466784028E-03,   3.5296077536E-03,   5.5101360828E-03,   7.4886859136E-03,   9.4656058994E-03,   1.1441182365E-02,   1.3415650405E-02,   1.5189739669E-02,   1.5168323789E-02,   1.5150450128E-02,   1.5135702808E-02
